2025-10-19T18:58:35.286+02:00  INFO 9429 --- [customer-service] [main] t.a.c.CustomerServiceApplication         : Starting CustomerServiceApplication using Java 17.0.8 with PID 9429 (/Users/macbook/Desktop/MED-YOUSSFI/bank-account-app-microservice/customer-service/target/classes started by macbook in /Users/macbook/Desktop/MED-YOUSSFI/bank-account-app-microservice)
2025-10-19T18:58:35.288+02:00  INFO 9429 --- [customer-service] [main] t.a.c.CustomerServiceApplication         : No active profile set, falling back to 1 default profile: "default"
2025-10-19T18:58:35.330+02:00  INFO 9429 --- [customer-service] [main] o.s.c.c.c.ConfigServerConfigDataLoader   : Fetching config from server at : http://localhost:9999
2025-10-19T18:58:35.330+02:00  WARN 9429 --- [customer-service] [main] o.s.c.c.c.ConfigServerConfigDataLoader   : Could not locate PropertySource ([ConfigServerConfigDataResource@13c3c1e1 uris = array<String>['http://localhost:9999'], optional = true, profiles = 'default']): None of labels [] found
2025-10-19T18:58:35.330+02:00  INFO 9429 --- [customer-service] [main] o.s.c.c.c.ConfigServerConfigDataLoader   : Fetching config from server at : http://localhost:9999
2025-10-19T18:58:35.330+02:00  WARN 9429 --- [customer-service] [main] o.s.c.c.c.ConfigServerConfigDataLoader   : Could not locate PropertySource ([ConfigServerConfigDataResource@5b11a194 uris = array<String>['http://localhost:9999'], optional = true, profiles = 'default']): None of labels [] found
2025-10-19T18:58:35.330+02:00  INFO 9429 --- [customer-service] [main] o.s.c.c.c.ConfigServerConfigDataLoader   : Fetching config from server at : http://localhost:9999
2025-10-19T18:58:35.330+02:00  WARN 9429 --- [customer-service] [main] o.s.c.c.c.ConfigServerConfigDataLoader   : Could not locate PropertySource ([ConfigServerConfigDataResource@11eadcba uris = array<String>['http://localhost:9999'], optional = true, profiles = 'default']): None of labels [] found
2025-10-19T18:58:36.373+02:00  INFO 9429 --- [customer-service] [main] .s.d.r.c.RepositoryConfigurationDelegate : Bootstrapping Spring Data JPA repositories in DEFAULT mode.
2025-10-19T18:58:36.522+02:00  INFO 9429 --- [customer-service] [main] .s.d.r.c.RepositoryConfigurationDelegate : Finished Spring Data repository scanning in 139 ms. Found 1 JPA repository interface.
2025-10-19T18:58:36.757+02:00  INFO 9429 --- [customer-service] [main] o.s.cloud.context.scope.GenericScope     : BeanFactory id=05bd7067-fbee-367a-970e-292896c708be
2025-10-19T18:58:37.088+02:00  WARN 9429 --- [customer-service] [main] trationDelegate$BeanPostProcessorChecker : Bean 'org.springframework.cloud.client.loadbalancer.LoadBalancerAutoConfiguration$LoadBalancerInterceptorConfig' of type [org.springframework.cloud.client.loadbalancer.LoadBalancerAutoConfiguration$LoadBalancerInterceptorConfig] is not eligible for getting processed by all BeanPostProcessors (for example: not eligible for auto-proxying). The currently created BeanPostProcessor [lbRestClientPostProcessor] is declared through a non-static factory method on that class; consider declaring it as static instead.
2025-10-19T18:58:37.092+02:00  WARN 9429 --- [customer-service] [main] trationDelegate$BeanPostProcessorChecker : Bean 'org.springframework.cloud.loadbalancer.config.BlockingLoadBalancerClientAutoConfiguration' of type [org.springframework.cloud.loadbalancer.config.BlockingLoadBalancerClientAutoConfiguration] is not eligible for getting processed by all BeanPostProcessors (for example: not eligible for auto-proxying). Is this bean getting eagerly injected into a currently created BeanPostProcessor [lbRestClientPostProcessor]? Check the corresponding BeanPostProcessor declaration and its dependencies.
2025-10-19T18:58:37.094+02:00  WARN 9429 --- [customer-service] [main] trationDelegate$BeanPostProcessorChecker : Bean 'org.springframework.cloud.loadbalancer.config.LoadBalancerAutoConfiguration' of type [org.springframework.cloud.loadbalancer.config.LoadBalancerAutoConfiguration] is not eligible for getting processed by all BeanPostProcessors (for example: not eligible for auto-proxying). Is this bean getting eagerly injected into a currently created BeanPostProcessor [lbRestClientPostProcessor]? Check the corresponding BeanPostProcessor declaration and its dependencies.
2025-10-19T18:58:37.103+02:00  WARN 9429 --- [customer-service] [main] trationDelegate$BeanPostProcessorChecker : Bean 'org.springframework.cloud.commons.config.CommonsConfigAutoConfiguration' of type [org.springframework.cloud.commons.config.CommonsConfigAutoConfiguration] is not eligible for getting processed by all BeanPostProcessors (for example: not eligible for auto-proxying). Is this bean getting eagerly injected into a currently created BeanPostProcessor [lbRestClientPostProcessor]? Check the corresponding BeanPostProcessor declaration and its dependencies.
2025-10-19T18:58:37.105+02:00  WARN 9429 --- [customer-service] [main] trationDelegate$BeanPostProcessorChecker : Bean 'org.springframework.cloud.client.loadbalancer.LoadBalancerDefaultMappingsProviderAutoConfiguration' of type [org.springframework.cloud.client.loadbalancer.LoadBalancerDefaultMappingsProviderAutoConfiguration] is not eligible for getting processed by all BeanPostProcessors (for example: not eligible for auto-proxying). Is this bean getting eagerly injected into a currently created BeanPostProcessor [lbRestClientPostProcessor]? Check the corresponding BeanPostProcessor declaration and its dependencies.
2025-10-19T18:58:37.107+02:00  WARN 9429 --- [customer-service] [main] trationDelegate$BeanPostProcessorChecker : Bean 'loadBalancerClientsDefaultsMappingsProvider' of type [org.springframework.cloud.client.loadbalancer.LoadBalancerDefaultMappingsProviderAutoConfiguration$$Lambda$709/0x00000001354bceb8] is not eligible for getting processed by all BeanPostProcessors (for example: not eligible for auto-proxying). Is this bean getting eagerly injected into a currently created BeanPostProcessor [lbRestClientPostProcessor]? Check the corresponding BeanPostProcessor declaration and its dependencies.
2025-10-19T18:58:37.109+02:00  WARN 9429 --- [customer-service] [main] trationDelegate$BeanPostProcessorChecker : Bean 'defaultsBindHandlerAdvisor' of type [org.springframework.cloud.commons.config.DefaultsBindHandlerAdvisor] is not eligible for getting processed by all BeanPostProcessors (for example: not eligible for auto-proxying). Is this bean getting eagerly injected into a currently created BeanPostProcessor [lbRestClientPostProcessor]? Check the corresponding BeanPostProcessor declaration and its dependencies.
2025-10-19T18:58:37.115+02:00  WARN 9429 --- [customer-service] [main] trationDelegate$BeanPostProcessorChecker : Bean 'spring.cloud.loadbalancer-org.springframework.cloud.client.loadbalancer.LoadBalancerClientsProperties' of type [org.springframework.cloud.client.loadbalancer.LoadBalancerClientsProperties] is not eligible for getting processed by all BeanPostProcessors (for example: not eligible for auto-proxying). Is this bean getting eagerly injected into a currently created BeanPostProcessor [lbRestClientPostProcessor]? Check the corresponding BeanPostProcessor declaration and its dependencies.
2025-10-19T18:58:37.122+02:00  WARN 9429 --- [customer-service] [main] trationDelegate$BeanPostProcessorChecker : Bean 'default.org.springframework.cloud.loadbalancer.config.LoadBalancerAutoConfiguration.LoadBalancerClientSpecification' of type [org.springframework.cloud.loadbalancer.annotation.LoadBalancerClientSpecification] is not eligible for getting processed by all BeanPostProcessors (for example: not eligible for auto-proxying). Is this bean getting eagerly injected into a currently created BeanPostProcessor [lbRestClientPostProcessor]? Check the corresponding BeanPostProcessor declaration and its dependencies.
2025-10-19T18:58:37.124+02:00  WARN 9429 --- [customer-service] [main] trationDelegate$BeanPostProcessorChecker : Bean 'default.org.springframework.cloud.loadbalancer.config.BlockingLoadBalancerClientAutoConfiguration.LoadBalancerClientSpecification' of type [org.springframework.cloud.loadbalancer.annotation.LoadBalancerClientSpecification] is not eligible for getting processed by all BeanPostProcessors (for example: not eligible for auto-proxying). Is this bean getting eagerly injected into a currently created BeanPostProcessor [lbRestClientPostProcessor]? Check the corresponding BeanPostProcessor declaration and its dependencies.
2025-10-19T18:58:37.125+02:00  WARN 9429 --- [customer-service] [main] trationDelegate$BeanPostProcessorChecker : Bean 'default.org.springframework.cloud.netflix.eureka.loadbalancer.LoadBalancerEurekaAutoConfiguration.LoadBalancerClientSpecification' of type [org.springframework.cloud.loadbalancer.annotation.LoadBalancerClientSpecification] is not eligible for getting processed by all BeanPostProcessors (for example: not eligible for auto-proxying). Is this bean getting eagerly injected into a currently created BeanPostProcessor [lbRestClientPostProcessor]? Check the corresponding BeanPostProcessor declaration and its dependencies.
2025-10-19T18:58:37.126+02:00  WARN 9429 --- [customer-service] [main] trationDelegate$BeanPostProcessorChecker : Bean 'loadBalancerClientFactory' of type [org.springframework.cloud.loadbalancer.support.LoadBalancerClientFactory] is not eligible for getting processed by all BeanPostProcessors (for example: not eligible for auto-proxying). Is this bean getting eagerly injected into a currently created BeanPostProcessor [lbRestClientPostProcessor]? Check the corresponding BeanPostProcessor declaration and its dependencies.
2025-10-19T18:58:37.133+02:00  WARN 9429 --- [customer-service] [main] trationDelegate$BeanPostProcessorChecker : Bean 'blockingLoadBalancerClient' of type [org.springframework.cloud.loadbalancer.blocking.client.BlockingLoadBalancerClient] is not eligible for getting processed by all BeanPostProcessors (for example: not eligible for auto-proxying). Is this bean getting eagerly injected into a currently created BeanPostProcessor [lbRestClientPostProcessor]? Check the corresponding BeanPostProcessor declaration and its dependencies.
2025-10-19T18:58:37.142+02:00  WARN 9429 --- [customer-service] [main] trationDelegate$BeanPostProcessorChecker : Bean 'loadBalancerServiceInstanceCookieTransformer' of type [org.springframework.cloud.loadbalancer.core.LoadBalancerServiceInstanceCookieTransformer] is not eligible for getting processed by all BeanPostProcessors (for example: not eligible for auto-proxying). Is this bean getting eagerly injected into a currently created BeanPostProcessor [lbRestClientPostProcessor]? Check the corresponding BeanPostProcessor declaration and its dependencies.
2025-10-19T18:58:37.144+02:00  WARN 9429 --- [customer-service] [main] trationDelegate$BeanPostProcessorChecker : Bean 'xForwarderHeadersTransformer' of type [org.springframework.cloud.loadbalancer.blocking.XForwardedHeadersTransformer] is not eligible for getting processed by all BeanPostProcessors (for example: not eligible for auto-proxying). Is this bean getting eagerly injected into a currently created BeanPostProcessor [lbRestClientPostProcessor]? Check the corresponding BeanPostProcessor declaration and its dependencies.
2025-10-19T18:58:37.145+02:00  WARN 9429 --- [customer-service] [main] trationDelegate$BeanPostProcessorChecker : Bean 'org.springframework.cloud.client.loadbalancer.LoadBalancerAutoConfiguration' of type [org.springframework.cloud.client.loadbalancer.LoadBalancerAutoConfiguration] is not eligible for getting processed by all BeanPostProcessors (for example: not eligible for auto-proxying). Is this bean getting eagerly injected into a currently created BeanPostProcessor [lbRestClientPostProcessor]? Check the corresponding BeanPostProcessor declaration and its dependencies.
2025-10-19T18:58:37.147+02:00  WARN 9429 --- [customer-service] [main] trationDelegate$BeanPostProcessorChecker : Bean 'loadBalancerRequestFactory' of type [org.springframework.cloud.client.loadbalancer.LoadBalancerRequestFactory] is not eligible for getting processed by all BeanPostProcessors (for example: not eligible for auto-proxying). Is this bean getting eagerly injected into a currently created BeanPostProcessor [lbRestClientPostProcessor]? Check the corresponding BeanPostProcessor declaration and its dependencies.
2025-10-19T18:58:37.148+02:00  WARN 9429 --- [customer-service] [main] trationDelegate$BeanPostProcessorChecker : Bean 'loadBalancerInterceptor' of type [org.springframework.cloud.client.loadbalancer.LoadBalancerInterceptor] is not eligible for getting processed by all BeanPostProcessors (for example: not eligible for auto-proxying). Is this bean getting eagerly injected into a currently created BeanPostProcessor [lbRestClientPostProcessor]? Check the corresponding BeanPostProcessor declaration and its dependencies.
2025-10-19T18:58:37.427+02:00  INFO 9429 --- [customer-service] [main] o.s.b.w.embedded.tomcat.TomcatWebServer  : Tomcat initialized with port 8081 (http)
2025-10-19T18:58:37.442+02:00  INFO 9429 --- [customer-service] [main] o.apache.catalina.core.StandardService   : Starting service [Tomcat]
2025-10-19T18:58:37.442+02:00  INFO 9429 --- [customer-service] [main] o.apache.catalina.core.StandardEngine    : Starting Servlet engine: [Apache Tomcat/10.1.19]
2025-10-19T18:58:37.506+02:00  INFO 9429 --- [customer-service] [main] o.a.c.c.C.[Tomcat].[localhost].[/]       : Initializing Spring embedded WebApplicationContext
2025-10-19T18:58:37.506+02:00  INFO 9429 --- [customer-service] [main] w.s.c.ServletWebServerApplicationContext : Root WebApplicationContext: initialization completed in 2174 ms
2025-10-19T18:58:37.864+02:00  INFO 9429 --- [customer-service] [main] com.zaxxer.hikari.HikariDataSource       : HikariPool-1 - Starting...
2025-10-19T18:58:38.103+02:00  INFO 9429 --- [customer-service] [main] com.zaxxer.hikari.pool.HikariPool        : HikariPool-1 - Added connection conn0: url=jdbc:h2:mem:290a21c0-a8e6-400e-ab92-563687dbdd3f user=SA
2025-10-19T18:58:38.106+02:00  INFO 9429 --- [customer-service] [main] com.zaxxer.hikari.HikariDataSource       : HikariPool-1 - Start completed.
2025-10-19T18:58:38.152+02:00  INFO 9429 --- [customer-service] [main] o.hibernate.jpa.internal.util.LogHelper  : HHH000204: Processing PersistenceUnitInfo [name: default]
2025-10-19T18:58:38.220+02:00  INFO 9429 --- [customer-service] [main] org.hibernate.Version                    : HHH000412: Hibernate ORM core version 6.4.4.Final
2025-10-19T18:58:38.260+02:00  INFO 9429 --- [customer-service] [main] o.h.c.internal.RegionFactoryInitiator    : HHH000026: Second-level cache disabled
2025-10-19T18:58:38.537+02:00  INFO 9429 --- [customer-service] [main] o.s.o.j.p.SpringPersistenceUnitInfo      : No LoadTimeWeaver setup: ignoring JPA class transformer
2025-10-19T18:58:39.469+02:00  INFO 9429 --- [customer-service] [main] o.h.e.t.j.p.i.JtaPlatformInitiator       : HHH000489: No JTA platform available (set 'hibernate.transaction.jta.platform' to enable JTA platform integration)
2025-10-19T18:58:39.505+02:00  INFO 9429 --- [customer-service] [main] j.LocalContainerEntityManagerFactoryBean : Initialized JPA EntityManagerFactory for persistence unit 'default'
2025-10-19T18:58:39.926+02:00  WARN 9429 --- [customer-service] [main] JpaBaseConfiguration$JpaWebConfiguration : spring.jpa.open-in-view is enabled by default. Therefore, database queries may be performed during view rendering. Explicitly configure spring.jpa.open-in-view to disable this warning
2025-10-19T18:58:40.819+02:00  INFO 9429 --- [customer-service] [main] DiscoveryClientOptionalArgsConfiguration : Eureka HTTP Client uses RestTemplate.
2025-10-19T18:58:40.852+02:00  WARN 9429 --- [customer-service] [main] iguration$LoadBalancerCaffeineWarnLogger : Spring Cloud LoadBalancer is currently working with the default cache. While this cache implementation is useful for development and tests, it's recommended to use Caffeine cache in production.You can switch to using Caffeine cache, by adding it and org.springframework.cache.caffeine.CaffeineCacheManager to the classpath.
2025-10-19T18:58:40.859+02:00  INFO 9429 --- [customer-service] [main] o.s.b.a.e.web.EndpointLinksResolver      : Exposing 1 endpoint(s) beneath base path '/actuator'
2025-10-19T18:58:40.928+02:00  INFO 9429 --- [customer-service] [main] o.s.c.n.eureka.InstanceInfoFactory       : Setting initial instance status as: STARTING
2025-10-19T18:58:40.964+02:00  INFO 9429 --- [customer-service] [main] com.netflix.discovery.DiscoveryClient    : Initializing Eureka in region us-east-1
2025-10-19T18:58:40.968+02:00  INFO 9429 --- [customer-service] [main] c.n.d.s.r.aws.ConfigClusterResolver      : Resolving eureka endpoints via configuration
2025-10-19T18:58:40.989+02:00  INFO 9429 --- [customer-service] [main] com.netflix.discovery.DiscoveryClient    : Disable delta property : false
2025-10-19T18:58:40.989+02:00  INFO 9429 --- [customer-service] [main] com.netflix.discovery.DiscoveryClient    : Single vip registry refresh property : null
2025-10-19T18:58:40.990+02:00  INFO 9429 --- [customer-service] [main] com.netflix.discovery.DiscoveryClient    : Force full registry fetch : false
2025-10-19T18:58:40.990+02:00  INFO 9429 --- [customer-service] [main] com.netflix.discovery.DiscoveryClient    : Application is null : false
2025-10-19T18:58:40.990+02:00  INFO 9429 --- [customer-service] [main] com.netflix.discovery.DiscoveryClient    : Registered Applications size is zero : true
2025-10-19T18:58:40.990+02:00  INFO 9429 --- [customer-service] [main] com.netflix.discovery.DiscoveryClient    : Application version is -1: true
2025-10-19T18:58:40.990+02:00  INFO 9429 --- [customer-service] [main] com.netflix.discovery.DiscoveryClient    : Getting all instance registry info from the eureka server
2025-10-19T18:58:41.318+02:00  INFO 9429 --- [customer-service] [main] com.netflix.discovery.DiscoveryClient    : The response status is 200
2025-10-19T18:58:41.321+02:00  INFO 9429 --- [customer-service] [main] com.netflix.discovery.DiscoveryClient    : Starting heartbeat executor: renew interval is: 30
2025-10-19T18:58:41.323+02:00  INFO 9429 --- [customer-service] [main] c.n.discovery.InstanceInfoReplicator     : InstanceInfoReplicator onDemand update allowed rate per min is 4
2025-10-19T18:58:41.328+02:00  INFO 9429 --- [customer-service] [main] com.netflix.discovery.DiscoveryClient    : Discovery Client initialized at timestamp 1760893121327 with initial instances count: 2
2025-10-19T18:58:41.335+02:00  INFO 9429 --- [customer-service] [main] o.s.c.n.e.s.EurekaServiceRegistry        : Registering application CUSTOMER-SERVICE with eureka with status UP
2025-10-19T18:58:41.336+02:00  INFO 9429 --- [customer-service] [main] com.netflix.discovery.DiscoveryClient    : Saw local status change event StatusChangeEvent [timestamp=1760893121336, current=UP, previous=STARTING]
2025-10-19T18:58:41.337+02:00  INFO 9429 --- [customer-service] [DiscoveryClient-InstanceInfoReplicator-0] com.netflix.discovery.DiscoveryClient    : DiscoveryClient_CUSTOMER-SERVICE/mbp-de-macbook:customer-service:8081: registering service...
2025-10-19T18:58:41.345+02:00  INFO 9429 --- [customer-service] [main] o.s.c.n.e.s.EurekaServiceRegistry        : Unregistering application CUSTOMER-SERVICE with eureka with status DOWN
2025-10-19T18:58:41.345+02:00  INFO 9429 --- [customer-service] [main] com.netflix.discovery.DiscoveryClient    : Saw local status change event StatusChangeEvent [timestamp=1760893121345, current=DOWN, previous=UP]
2025-10-19T18:58:41.345+02:00  WARN 9429 --- [customer-service] [main] ConfigServletWebServerApplicationContext : Exception encountered during context initialization - cancelling refresh attempt: org.springframework.context.ApplicationContextException: Failed to start bean 'webServerStartStop'
2025-10-19T18:58:41.349+02:00  INFO 9429 --- [customer-service] [main] j.LocalContainerEntityManagerFactoryBean : Closing JPA EntityManagerFactory for persistence unit 'default'
2025-10-19T18:58:41.353+02:00  INFO 9429 --- [customer-service] [main] com.zaxxer.hikari.HikariDataSource       : HikariPool-1 - Shutdown initiated...
2025-10-19T18:58:41.355+02:00  INFO 9429 --- [customer-service] [main] com.zaxxer.hikari.HikariDataSource       : HikariPool-1 - Shutdown completed.
2025-10-19T18:58:41.356+02:00  INFO 9429 --- [customer-service] [main] com.netflix.discovery.DiscoveryClient    : Shutting down DiscoveryClient ...
2025-10-19T18:58:41.370+02:00  INFO 9429 --- [customer-service] [DiscoveryClient-InstanceInfoReplicator-0] com.netflix.discovery.DiscoveryClient    : DiscoveryClient_CUSTOMER-SERVICE/mbp-de-macbook:customer-service:8081 - registration status: 204
2025-10-19T18:58:41.371+02:00  INFO 9429 --- [customer-service] [DiscoveryClient-InstanceInfoReplicator-0] com.netflix.discovery.DiscoveryClient    : DiscoveryClient_CUSTOMER-SERVICE/mbp-de-macbook:customer-service:8081: registering service...
2025-10-19T18:58:41.376+02:00  INFO 9429 --- [customer-service] [DiscoveryClient-InstanceInfoReplicator-0] com.netflix.discovery.DiscoveryClient    : DiscoveryClient_CUSTOMER-SERVICE/mbp-de-macbook:customer-service:8081 - registration status: 204
2025-10-19T18:58:41.377+02:00  INFO 9429 --- [customer-service] [main] com.netflix.discovery.DiscoveryClient    : Unregistering ...
2025-10-19T18:58:41.381+02:00  INFO 9429 --- [customer-service] [main] com.netflix.discovery.DiscoveryClient    : DiscoveryClient_CUSTOMER-SERVICE/mbp-de-macbook:customer-service:8081 - deregister  status: 200
2025-10-19T18:58:41.387+02:00  INFO 9429 --- [customer-service] [main] com.netflix.discovery.DiscoveryClient    : Completed shut down of DiscoveryClient
2025-10-19T18:58:41.425+02:00  INFO 9429 --- [customer-service] [main] .s.b.a.l.ConditionEvaluationReportLogger : 

Error starting ApplicationContext. To display the condition evaluation report re-run your application with 'debug' enabled.
2025-10-19T18:58:41.446+02:00 ERROR 9429 --- [customer-service] [main] o.s.b.d.LoggingFailureAnalysisReporter   : 

***************************
APPLICATION FAILED TO START
***************************

Description:

Web server failed to start. Port 8081 was already in use.

Action:

Identify and stop the process that's listening on port 8081 or configure this application to listen on another port.

2025-10-19T18:59:42.818+02:00  INFO 9505 --- [customer-service] [main] t.a.c.CustomerServiceApplication         : Starting CustomerServiceApplication using Java 17.0.8 with PID 9505 (/Users/macbook/Desktop/MED-YOUSSFI/bank-account-app-microservice/customer-service/target/classes started by macbook in /Users/macbook/Desktop/MED-YOUSSFI/bank-account-app-microservice)
2025-10-19T18:59:42.820+02:00  INFO 9505 --- [customer-service] [main] t.a.c.CustomerServiceApplication         : No active profile set, falling back to 1 default profile: "default"
2025-10-19T18:59:42.862+02:00  INFO 9505 --- [customer-service] [main] o.s.c.c.c.ConfigServerConfigDataLoader   : Fetching config from server at : http://localhost:9999
2025-10-19T18:59:42.862+02:00  WARN 9505 --- [customer-service] [main] o.s.c.c.c.ConfigServerConfigDataLoader   : Could not locate PropertySource ([ConfigServerConfigDataResource@5b40ceb uris = array<String>['http://localhost:9999'], optional = true, profiles = 'default']): None of labels [] found
2025-10-19T18:59:42.862+02:00  INFO 9505 --- [customer-service] [main] o.s.c.c.c.ConfigServerConfigDataLoader   : Fetching config from server at : http://localhost:9999
2025-10-19T18:59:42.862+02:00  WARN 9505 --- [customer-service] [main] o.s.c.c.c.ConfigServerConfigDataLoader   : Could not locate PropertySource ([ConfigServerConfigDataResource@242aa8d9 uris = array<String>['http://localhost:9999'], optional = true, profiles = 'default']): None of labels [] found
2025-10-19T18:59:42.862+02:00  INFO 9505 --- [customer-service] [main] o.s.c.c.c.ConfigServerConfigDataLoader   : Fetching config from server at : http://localhost:9999
2025-10-19T18:59:42.863+02:00  WARN 9505 --- [customer-service] [main] o.s.c.c.c.ConfigServerConfigDataLoader   : Could not locate PropertySource ([ConfigServerConfigDataResource@60f7cc1d uris = array<String>['http://localhost:9999'], optional = true, profiles = 'default']): None of labels [] found
2025-10-19T18:59:43.934+02:00  INFO 9505 --- [customer-service] [main] .s.d.r.c.RepositoryConfigurationDelegate : Bootstrapping Spring Data JPA repositories in DEFAULT mode.
2025-10-19T18:59:44.110+02:00  INFO 9505 --- [customer-service] [main] .s.d.r.c.RepositoryConfigurationDelegate : Finished Spring Data repository scanning in 166 ms. Found 1 JPA repository interface.
2025-10-19T18:59:44.382+02:00  INFO 9505 --- [customer-service] [main] o.s.cloud.context.scope.GenericScope     : BeanFactory id=05bd7067-fbee-367a-970e-292896c708be
2025-10-19T18:59:44.742+02:00  WARN 9505 --- [customer-service] [main] trationDelegate$BeanPostProcessorChecker : Bean 'org.springframework.cloud.client.loadbalancer.LoadBalancerAutoConfiguration$LoadBalancerInterceptorConfig' of type [org.springframework.cloud.client.loadbalancer.LoadBalancerAutoConfiguration$LoadBalancerInterceptorConfig] is not eligible for getting processed by all BeanPostProcessors (for example: not eligible for auto-proxying). The currently created BeanPostProcessor [lbRestClientPostProcessor] is declared through a non-static factory method on that class; consider declaring it as static instead.
2025-10-19T18:59:44.746+02:00  WARN 9505 --- [customer-service] [main] trationDelegate$BeanPostProcessorChecker : Bean 'org.springframework.cloud.loadbalancer.config.BlockingLoadBalancerClientAutoConfiguration' of type [org.springframework.cloud.loadbalancer.config.BlockingLoadBalancerClientAutoConfiguration] is not eligible for getting processed by all BeanPostProcessors (for example: not eligible for auto-proxying). Is this bean getting eagerly injected into a currently created BeanPostProcessor [lbRestClientPostProcessor]? Check the corresponding BeanPostProcessor declaration and its dependencies.
2025-10-19T18:59:44.752+02:00  WARN 9505 --- [customer-service] [main] trationDelegate$BeanPostProcessorChecker : Bean 'org.springframework.cloud.loadbalancer.config.LoadBalancerAutoConfiguration' of type [org.springframework.cloud.loadbalancer.config.LoadBalancerAutoConfiguration] is not eligible for getting processed by all BeanPostProcessors (for example: not eligible for auto-proxying). Is this bean getting eagerly injected into a currently created BeanPostProcessor [lbRestClientPostProcessor]? Check the corresponding BeanPostProcessor declaration and its dependencies.
2025-10-19T18:59:44.761+02:00  WARN 9505 --- [customer-service] [main] trationDelegate$BeanPostProcessorChecker : Bean 'org.springframework.cloud.commons.config.CommonsConfigAutoConfiguration' of type [org.springframework.cloud.commons.config.CommonsConfigAutoConfiguration] is not eligible for getting processed by all BeanPostProcessors (for example: not eligible for auto-proxying). Is this bean getting eagerly injected into a currently created BeanPostProcessor [lbRestClientPostProcessor]? Check the corresponding BeanPostProcessor declaration and its dependencies.
2025-10-19T18:59:44.763+02:00  WARN 9505 --- [customer-service] [main] trationDelegate$BeanPostProcessorChecker : Bean 'org.springframework.cloud.client.loadbalancer.LoadBalancerDefaultMappingsProviderAutoConfiguration' of type [org.springframework.cloud.client.loadbalancer.LoadBalancerDefaultMappingsProviderAutoConfiguration] is not eligible for getting processed by all BeanPostProcessors (for example: not eligible for auto-proxying). Is this bean getting eagerly injected into a currently created BeanPostProcessor [lbRestClientPostProcessor]? Check the corresponding BeanPostProcessor declaration and its dependencies.
2025-10-19T18:59:44.764+02:00  WARN 9505 --- [customer-service] [main] trationDelegate$BeanPostProcessorChecker : Bean 'loadBalancerClientsDefaultsMappingsProvider' of type [org.springframework.cloud.client.loadbalancer.LoadBalancerDefaultMappingsProviderAutoConfiguration$$Lambda$709/0x000000012e4f4eb8] is not eligible for getting processed by all BeanPostProcessors (for example: not eligible for auto-proxying). Is this bean getting eagerly injected into a currently created BeanPostProcessor [lbRestClientPostProcessor]? Check the corresponding BeanPostProcessor declaration and its dependencies.
2025-10-19T18:59:44.766+02:00  WARN 9505 --- [customer-service] [main] trationDelegate$BeanPostProcessorChecker : Bean 'defaultsBindHandlerAdvisor' of type [org.springframework.cloud.commons.config.DefaultsBindHandlerAdvisor] is not eligible for getting processed by all BeanPostProcessors (for example: not eligible for auto-proxying). Is this bean getting eagerly injected into a currently created BeanPostProcessor [lbRestClientPostProcessor]? Check the corresponding BeanPostProcessor declaration and its dependencies.
2025-10-19T18:59:44.773+02:00  WARN 9505 --- [customer-service] [main] trationDelegate$BeanPostProcessorChecker : Bean 'spring.cloud.loadbalancer-org.springframework.cloud.client.loadbalancer.LoadBalancerClientsProperties' of type [org.springframework.cloud.client.loadbalancer.LoadBalancerClientsProperties] is not eligible for getting processed by all BeanPostProcessors (for example: not eligible for auto-proxying). Is this bean getting eagerly injected into a currently created BeanPostProcessor [lbRestClientPostProcessor]? Check the corresponding BeanPostProcessor declaration and its dependencies.
2025-10-19T18:59:44.780+02:00  WARN 9505 --- [customer-service] [main] trationDelegate$BeanPostProcessorChecker : Bean 'default.org.springframework.cloud.loadbalancer.config.LoadBalancerAutoConfiguration.LoadBalancerClientSpecification' of type [org.springframework.cloud.loadbalancer.annotation.LoadBalancerClientSpecification] is not eligible for getting processed by all BeanPostProcessors (for example: not eligible for auto-proxying). Is this bean getting eagerly injected into a currently created BeanPostProcessor [lbRestClientPostProcessor]? Check the corresponding BeanPostProcessor declaration and its dependencies.
2025-10-19T18:59:44.782+02:00  WARN 9505 --- [customer-service] [main] trationDelegate$BeanPostProcessorChecker : Bean 'default.org.springframework.cloud.loadbalancer.config.BlockingLoadBalancerClientAutoConfiguration.LoadBalancerClientSpecification' of type [org.springframework.cloud.loadbalancer.annotation.LoadBalancerClientSpecification] is not eligible for getting processed by all BeanPostProcessors (for example: not eligible for auto-proxying). Is this bean getting eagerly injected into a currently created BeanPostProcessor [lbRestClientPostProcessor]? Check the corresponding BeanPostProcessor declaration and its dependencies.
2025-10-19T18:59:44.783+02:00  WARN 9505 --- [customer-service] [main] trationDelegate$BeanPostProcessorChecker : Bean 'default.org.springframework.cloud.netflix.eureka.loadbalancer.LoadBalancerEurekaAutoConfiguration.LoadBalancerClientSpecification' of type [org.springframework.cloud.loadbalancer.annotation.LoadBalancerClientSpecification] is not eligible for getting processed by all BeanPostProcessors (for example: not eligible for auto-proxying). Is this bean getting eagerly injected into a currently created BeanPostProcessor [lbRestClientPostProcessor]? Check the corresponding BeanPostProcessor declaration and its dependencies.
2025-10-19T18:59:44.785+02:00  WARN 9505 --- [customer-service] [main] trationDelegate$BeanPostProcessorChecker : Bean 'loadBalancerClientFactory' of type [org.springframework.cloud.loadbalancer.support.LoadBalancerClientFactory] is not eligible for getting processed by all BeanPostProcessors (for example: not eligible for auto-proxying). Is this bean getting eagerly injected into a currently created BeanPostProcessor [lbRestClientPostProcessor]? Check the corresponding BeanPostProcessor declaration and its dependencies.
2025-10-19T18:59:44.791+02:00  WARN 9505 --- [customer-service] [main] trationDelegate$BeanPostProcessorChecker : Bean 'blockingLoadBalancerClient' of type [org.springframework.cloud.loadbalancer.blocking.client.BlockingLoadBalancerClient] is not eligible for getting processed by all BeanPostProcessors (for example: not eligible for auto-proxying). Is this bean getting eagerly injected into a currently created BeanPostProcessor [lbRestClientPostProcessor]? Check the corresponding BeanPostProcessor declaration and its dependencies.
2025-10-19T18:59:44.802+02:00  WARN 9505 --- [customer-service] [main] trationDelegate$BeanPostProcessorChecker : Bean 'loadBalancerServiceInstanceCookieTransformer' of type [org.springframework.cloud.loadbalancer.core.LoadBalancerServiceInstanceCookieTransformer] is not eligible for getting processed by all BeanPostProcessors (for example: not eligible for auto-proxying). Is this bean getting eagerly injected into a currently created BeanPostProcessor [lbRestClientPostProcessor]? Check the corresponding BeanPostProcessor declaration and its dependencies.
2025-10-19T18:59:44.805+02:00  WARN 9505 --- [customer-service] [main] trationDelegate$BeanPostProcessorChecker : Bean 'xForwarderHeadersTransformer' of type [org.springframework.cloud.loadbalancer.blocking.XForwardedHeadersTransformer] is not eligible for getting processed by all BeanPostProcessors (for example: not eligible for auto-proxying). Is this bean getting eagerly injected into a currently created BeanPostProcessor [lbRestClientPostProcessor]? Check the corresponding BeanPostProcessor declaration and its dependencies.
2025-10-19T18:59:44.807+02:00  WARN 9505 --- [customer-service] [main] trationDelegate$BeanPostProcessorChecker : Bean 'org.springframework.cloud.client.loadbalancer.LoadBalancerAutoConfiguration' of type [org.springframework.cloud.client.loadbalancer.LoadBalancerAutoConfiguration] is not eligible for getting processed by all BeanPostProcessors (for example: not eligible for auto-proxying). Is this bean getting eagerly injected into a currently created BeanPostProcessor [lbRestClientPostProcessor]? Check the corresponding BeanPostProcessor declaration and its dependencies.
2025-10-19T18:59:44.809+02:00  WARN 9505 --- [customer-service] [main] trationDelegate$BeanPostProcessorChecker : Bean 'loadBalancerRequestFactory' of type [org.springframework.cloud.client.loadbalancer.LoadBalancerRequestFactory] is not eligible for getting processed by all BeanPostProcessors (for example: not eligible for auto-proxying). Is this bean getting eagerly injected into a currently created BeanPostProcessor [lbRestClientPostProcessor]? Check the corresponding BeanPostProcessor declaration and its dependencies.
2025-10-19T18:59:44.810+02:00  WARN 9505 --- [customer-service] [main] trationDelegate$BeanPostProcessorChecker : Bean 'loadBalancerInterceptor' of type [org.springframework.cloud.client.loadbalancer.LoadBalancerInterceptor] is not eligible for getting processed by all BeanPostProcessors (for example: not eligible for auto-proxying). Is this bean getting eagerly injected into a currently created BeanPostProcessor [lbRestClientPostProcessor]? Check the corresponding BeanPostProcessor declaration and its dependencies.
2025-10-19T18:59:45.383+02:00  INFO 9505 --- [customer-service] [main] o.s.b.w.embedded.tomcat.TomcatWebServer  : Tomcat initialized with port 8085 (http)
2025-10-19T18:59:45.395+02:00  INFO 9505 --- [customer-service] [main] o.apache.catalina.core.StandardService   : Starting service [Tomcat]
2025-10-19T18:59:45.395+02:00  INFO 9505 --- [customer-service] [main] o.apache.catalina.core.StandardEngine    : Starting Servlet engine: [Apache Tomcat/10.1.19]
2025-10-19T18:59:45.461+02:00  INFO 9505 --- [customer-service] [main] o.a.c.c.C.[Tomcat].[localhost].[/]       : Initializing Spring embedded WebApplicationContext
2025-10-19T18:59:45.461+02:00  INFO 9505 --- [customer-service] [main] w.s.c.ServletWebServerApplicationContext : Root WebApplicationContext: initialization completed in 2597 ms
2025-10-19T18:59:45.790+02:00  INFO 9505 --- [customer-service] [main] com.zaxxer.hikari.HikariDataSource       : HikariPool-1 - Starting...
2025-10-19T18:59:45.988+02:00  INFO 9505 --- [customer-service] [main] com.zaxxer.hikari.pool.HikariPool        : HikariPool-1 - Added connection conn0: url=jdbc:h2:mem:764fa1e8-b3b5-4ff1-923d-21644291fe51 user=SA
2025-10-19T18:59:45.990+02:00  INFO 9505 --- [customer-service] [main] com.zaxxer.hikari.HikariDataSource       : HikariPool-1 - Start completed.
2025-10-19T18:59:46.041+02:00  INFO 9505 --- [customer-service] [main] o.hibernate.jpa.internal.util.LogHelper  : HHH000204: Processing PersistenceUnitInfo [name: default]
2025-10-19T18:59:46.097+02:00  INFO 9505 --- [customer-service] [main] org.hibernate.Version                    : HHH000412: Hibernate ORM core version 6.4.4.Final
2025-10-19T18:59:46.130+02:00  INFO 9505 --- [customer-service] [main] o.h.c.internal.RegionFactoryInitiator    : HHH000026: Second-level cache disabled
2025-10-19T18:59:46.371+02:00  INFO 9505 --- [customer-service] [main] o.s.o.j.p.SpringPersistenceUnitInfo      : No LoadTimeWeaver setup: ignoring JPA class transformer
2025-10-19T18:59:47.329+02:00  INFO 9505 --- [customer-service] [main] o.h.e.t.j.p.i.JtaPlatformInitiator       : HHH000489: No JTA platform available (set 'hibernate.transaction.jta.platform' to enable JTA platform integration)
2025-10-19T18:59:47.365+02:00  INFO 9505 --- [customer-service] [main] j.LocalContainerEntityManagerFactoryBean : Initialized JPA EntityManagerFactory for persistence unit 'default'
2025-10-19T18:59:47.796+02:00  WARN 9505 --- [customer-service] [main] JpaBaseConfiguration$JpaWebConfiguration : spring.jpa.open-in-view is enabled by default. Therefore, database queries may be performed during view rendering. Explicitly configure spring.jpa.open-in-view to disable this warning
2025-10-19T18:59:48.657+02:00  INFO 9505 --- [customer-service] [main] DiscoveryClientOptionalArgsConfiguration : Eureka HTTP Client uses RestTemplate.
2025-10-19T18:59:48.693+02:00  WARN 9505 --- [customer-service] [main] iguration$LoadBalancerCaffeineWarnLogger : Spring Cloud LoadBalancer is currently working with the default cache. While this cache implementation is useful for development and tests, it's recommended to use Caffeine cache in production.You can switch to using Caffeine cache, by adding it and org.springframework.cache.caffeine.CaffeineCacheManager to the classpath.
2025-10-19T18:59:48.700+02:00  INFO 9505 --- [customer-service] [main] o.s.b.a.e.web.EndpointLinksResolver      : Exposing 1 endpoint(s) beneath base path '/actuator'
2025-10-19T18:59:48.776+02:00  INFO 9505 --- [customer-service] [main] o.s.c.n.eureka.InstanceInfoFactory       : Setting initial instance status as: STARTING
2025-10-19T18:59:48.815+02:00  INFO 9505 --- [customer-service] [main] com.netflix.discovery.DiscoveryClient    : Initializing Eureka in region us-east-1
2025-10-19T18:59:48.819+02:00  INFO 9505 --- [customer-service] [main] c.n.d.s.r.aws.ConfigClusterResolver      : Resolving eureka endpoints via configuration
2025-10-19T18:59:48.840+02:00  INFO 9505 --- [customer-service] [main] com.netflix.discovery.DiscoveryClient    : Disable delta property : false
2025-10-19T18:59:48.841+02:00  INFO 9505 --- [customer-service] [main] com.netflix.discovery.DiscoveryClient    : Single vip registry refresh property : null
2025-10-19T18:59:48.841+02:00  INFO 9505 --- [customer-service] [main] com.netflix.discovery.DiscoveryClient    : Force full registry fetch : false
2025-10-19T18:59:48.841+02:00  INFO 9505 --- [customer-service] [main] com.netflix.discovery.DiscoveryClient    : Application is null : false
2025-10-19T18:59:48.841+02:00  INFO 9505 --- [customer-service] [main] com.netflix.discovery.DiscoveryClient    : Registered Applications size is zero : true
2025-10-19T18:59:48.841+02:00  INFO 9505 --- [customer-service] [main] com.netflix.discovery.DiscoveryClient    : Application version is -1: true
2025-10-19T18:59:48.841+02:00  INFO 9505 --- [customer-service] [main] com.netflix.discovery.DiscoveryClient    : Getting all instance registry info from the eureka server
2025-10-19T18:59:49.168+02:00  INFO 9505 --- [customer-service] [main] com.netflix.discovery.DiscoveryClient    : The response status is 200
2025-10-19T18:59:49.171+02:00  INFO 9505 --- [customer-service] [main] com.netflix.discovery.DiscoveryClient    : Starting heartbeat executor: renew interval is: 30
2025-10-19T18:59:49.173+02:00  INFO 9505 --- [customer-service] [main] c.n.discovery.InstanceInfoReplicator     : InstanceInfoReplicator onDemand update allowed rate per min is 4
2025-10-19T18:59:49.177+02:00  INFO 9505 --- [customer-service] [main] com.netflix.discovery.DiscoveryClient    : Discovery Client initialized at timestamp 1760893189177 with initial instances count: 3
2025-10-19T18:59:49.185+02:00  INFO 9505 --- [customer-service] [main] o.s.c.n.e.s.EurekaServiceRegistry        : Registering application CUSTOMER-SERVICE with eureka with status UP
2025-10-19T18:59:49.185+02:00  INFO 9505 --- [customer-service] [main] com.netflix.discovery.DiscoveryClient    : Saw local status change event StatusChangeEvent [timestamp=1760893189185, current=UP, previous=STARTING]
2025-10-19T18:59:49.187+02:00  INFO 9505 --- [customer-service] [DiscoveryClient-InstanceInfoReplicator-0] com.netflix.discovery.DiscoveryClient    : DiscoveryClient_CUSTOMER-SERVICE/mbp-de-macbook:customer-service:8085: registering service...
2025-10-19T18:59:49.203+02:00  INFO 9505 --- [customer-service] [main] o.s.b.w.embedded.tomcat.TomcatWebServer  : Tomcat started on port 8085 (http) with context path ''
2025-10-19T18:59:49.205+02:00  INFO 9505 --- [customer-service] [main] .s.c.n.e.s.EurekaAutoServiceRegistration : Updating port to 8085
2025-10-19T18:59:49.210+02:00  WARN 9505 --- [customer-service] [main] ConfigServletWebServerApplicationContext : Exception encountered during context initialization - cancelling refresh attempt: org.springframework.beans.factory.BeanCreationException: Error creating bean with name 'scopedTarget.configTestController': Injection of autowired dependencies failed
2025-10-19T18:59:49.214+02:00  INFO 9505 --- [customer-service] [main] j.LocalContainerEntityManagerFactoryBean : Closing JPA EntityManagerFactory for persistence unit 'default'
2025-10-19T18:59:49.218+02:00  INFO 9505 --- [customer-service] [main] com.zaxxer.hikari.HikariDataSource       : HikariPool-1 - Shutdown initiated...
2025-10-19T18:59:49.220+02:00  INFO 9505 --- [customer-service] [main] com.zaxxer.hikari.HikariDataSource       : HikariPool-1 - Shutdown completed.
2025-10-19T18:59:49.222+02:00  INFO 9505 --- [customer-service] [main] com.netflix.discovery.DiscoveryClient    : Shutting down DiscoveryClient ...
2025-10-19T18:59:49.227+02:00  INFO 9505 --- [customer-service] [DiscoveryClient-InstanceInfoReplicator-0] com.netflix.discovery.DiscoveryClient    : DiscoveryClient_CUSTOMER-SERVICE/mbp-de-macbook:customer-service:8085 - registration status: 204
2025-10-19T18:59:49.229+02:00  INFO 9505 --- [customer-service] [main] com.netflix.discovery.DiscoveryClient    : Unregistering ...
2025-10-19T18:59:49.234+02:00  INFO 9505 --- [customer-service] [main] com.netflix.discovery.DiscoveryClient    : DiscoveryClient_CUSTOMER-SERVICE/mbp-de-macbook:customer-service:8085 - deregister  status: 200
2025-10-19T18:59:49.240+02:00  INFO 9505 --- [customer-service] [main] com.netflix.discovery.DiscoveryClient    : Completed shut down of DiscoveryClient
2025-10-19T18:59:49.246+02:00  INFO 9505 --- [customer-service] [main] o.apache.catalina.core.StandardService   : Stopping service [Tomcat]
2025-10-19T18:59:49.282+02:00  INFO 9505 --- [customer-service] [main] .s.b.a.l.ConditionEvaluationReportLogger : 

Error starting ApplicationContext. To display the condition evaluation report re-run your application with 'debug' enabled.
2025-10-19T18:59:49.304+02:00 ERROR 9505 --- [customer-service] [main] o.s.boot.SpringApplication               : Application run failed

org.springframework.beans.factory.BeanCreationException: Error creating bean with name 'scopedTarget.configTestController': Injection of autowired dependencies failed
	at org.springframework.beans.factory.annotation.AutowiredAnnotationBeanPostProcessor.postProcessProperties(AutowiredAnnotationBeanPostProcessor.java:514) ~[spring-beans-6.1.4.jar:6.1.4]
	at org.springframework.beans.factory.support.AbstractAutowireCapableBeanFactory.populateBean(AbstractAutowireCapableBeanFactory.java:1419) ~[spring-beans-6.1.4.jar:6.1.4]
	at org.springframework.beans.factory.support.AbstractAutowireCapableBeanFactory.doCreateBean(AbstractAutowireCapableBeanFactory.java:599) ~[spring-beans-6.1.4.jar:6.1.4]
	at org.springframework.beans.factory.support.AbstractAutowireCapableBeanFactory.createBean(AbstractAutowireCapableBeanFactory.java:522) ~[spring-beans-6.1.4.jar:6.1.4]
	at org.springframework.beans.factory.support.AbstractBeanFactory.lambda$doGetBean$1(AbstractBeanFactory.java:364) ~[spring-beans-6.1.4.jar:6.1.4]
	at org.springframework.cloud.context.scope.GenericScope$BeanLifecycleWrapper.getBean(GenericScope.java:375) ~[spring-cloud-context-4.1.0.jar:4.1.0]
	at org.springframework.cloud.context.scope.GenericScope.get(GenericScope.java:179) ~[spring-cloud-context-4.1.0.jar:4.1.0]
	at org.springframework.beans.factory.support.AbstractBeanFactory.doGetBean(AbstractBeanFactory.java:361) ~[spring-beans-6.1.4.jar:6.1.4]
	at org.springframework.beans.factory.support.AbstractBeanFactory.getBean(AbstractBeanFactory.java:199) ~[spring-beans-6.1.4.jar:6.1.4]
	at org.springframework.context.support.AbstractApplicationContext.getBean(AbstractApplicationContext.java:1231) ~[spring-context-6.1.4.jar:6.1.4]
	at org.springframework.cloud.context.scope.refresh.RefreshScope.eagerlyInitialize(RefreshScope.java:126) ~[spring-cloud-context-4.1.0.jar:4.1.0]
	at org.springframework.cloud.context.scope.refresh.RefreshScope.start(RefreshScope.java:118) ~[spring-cloud-context-4.1.0.jar:4.1.0]
	at org.springframework.cloud.context.scope.refresh.RefreshScope.onApplicationEvent(RefreshScope.java:113) ~[spring-cloud-context-4.1.0.jar:4.1.0]
	at org.springframework.cloud.context.scope.refresh.RefreshScope.onApplicationEvent(RefreshScope.java:68) ~[spring-cloud-context-4.1.0.jar:4.1.0]
	at org.springframework.context.event.SimpleApplicationEventMulticaster.doInvokeListener(SimpleApplicationEventMulticaster.java:185) ~[spring-context-6.1.4.jar:6.1.4]
	at org.springframework.context.event.SimpleApplicationEventMulticaster.invokeListener(SimpleApplicationEventMulticaster.java:178) ~[spring-context-6.1.4.jar:6.1.4]
	at org.springframework.context.event.SimpleApplicationEventMulticaster.multicastEvent(SimpleApplicationEventMulticaster.java:156) ~[spring-context-6.1.4.jar:6.1.4]
	at org.springframework.context.support.AbstractApplicationContext.publishEvent(AbstractApplicationContext.java:451) ~[spring-context-6.1.4.jar:6.1.4]
	at org.springframework.context.support.AbstractApplicationContext.publishEvent(AbstractApplicationContext.java:384) ~[spring-context-6.1.4.jar:6.1.4]
	at org.springframework.context.support.AbstractApplicationContext.finishRefresh(AbstractApplicationContext.java:981) ~[spring-context-6.1.4.jar:6.1.4]
	at org.springframework.context.support.AbstractApplicationContext.refresh(AbstractApplicationContext.java:627) ~[spring-context-6.1.4.jar:6.1.4]
	at org.springframework.boot.web.servlet.context.ServletWebServerApplicationContext.refresh(ServletWebServerApplicationContext.java:146) ~[spring-boot-3.2.3.jar:3.2.3]
	at org.springframework.boot.SpringApplication.refresh(SpringApplication.java:754) ~[spring-boot-3.2.3.jar:3.2.3]
	at org.springframework.boot.SpringApplication.refreshContext(SpringApplication.java:456) ~[spring-boot-3.2.3.jar:3.2.3]
	at org.springframework.boot.SpringApplication.run(SpringApplication.java:334) ~[spring-boot-3.2.3.jar:3.2.3]
	at org.springframework.boot.SpringApplication.run(SpringApplication.java:1354) ~[spring-boot-3.2.3.jar:3.2.3]
	at org.springframework.boot.SpringApplication.run(SpringApplication.java:1343) ~[spring-boot-3.2.3.jar:3.2.3]
	at tn.amira.customerservice.CustomerServiceApplication.main(CustomerServiceApplication.java:19) ~[classes/:na]
Caused by: java.lang.IllegalArgumentException: Could not resolve placeholder 'global.params.p1' in value "${global.params.p1}"
	at org.springframework.util.PropertyPlaceholderHelper.parseStringValue(PropertyPlaceholderHelper.java:180) ~[spring-core-6.1.4.jar:6.1.4]
	at org.springframework.util.PropertyPlaceholderHelper.replacePlaceholders(PropertyPlaceholderHelper.java:126) ~[spring-core-6.1.4.jar:6.1.4]
	at org.springframework.core.env.AbstractPropertyResolver.doResolvePlaceholders(AbstractPropertyResolver.java:239) ~[spring-core-6.1.4.jar:6.1.4]
	at org.springframework.core.env.AbstractPropertyResolver.resolveRequiredPlaceholders(AbstractPropertyResolver.java:210) ~[spring-core-6.1.4.jar:6.1.4]
	at org.springframework.context.support.PropertySourcesPlaceholderConfigurer.lambda$processProperties$0(PropertySourcesPlaceholderConfigurer.java:200) ~[spring-context-6.1.4.jar:6.1.4]
	at org.springframework.beans.factory.support.AbstractBeanFactory.resolveEmbeddedValue(AbstractBeanFactory.java:921) ~[spring-beans-6.1.4.jar:6.1.4]
	at org.springframework.beans.factory.support.DefaultListableBeanFactory.doResolveDependency(DefaultListableBeanFactory.java:1374) ~[spring-beans-6.1.4.jar:6.1.4]
	at org.springframework.beans.factory.support.DefaultListableBeanFactory.resolveDependency(DefaultListableBeanFactory.java:1353) ~[spring-beans-6.1.4.jar:6.1.4]
	at org.springframework.beans.factory.annotation.AutowiredAnnotationBeanPostProcessor$AutowiredFieldElement.resolveFieldValue(AutowiredAnnotationBeanPostProcessor.java:784) ~[spring-beans-6.1.4.jar:6.1.4]
	at org.springframework.beans.factory.annotation.AutowiredAnnotationBeanPostProcessor$AutowiredFieldElement.inject(AutowiredAnnotationBeanPostProcessor.java:767) ~[spring-beans-6.1.4.jar:6.1.4]
	at org.springframework.beans.factory.annotation.InjectionMetadata.inject(InjectionMetadata.java:145) ~[spring-beans-6.1.4.jar:6.1.4]
	at org.springframework.beans.factory.annotation.AutowiredAnnotationBeanPostProcessor.postProcessProperties(AutowiredAnnotationBeanPostProcessor.java:508) ~[spring-beans-6.1.4.jar:6.1.4]
	... 27 common frames omitted

2025-10-19T20:02:00.563+02:00  INFO 11652 --- [customer-service] [main] t.a.c.CustomerServiceApplication         : Starting CustomerServiceApplication using Java 17.0.8 with PID 11652 (/Users/macbook/Desktop/MED-YOUSSFI/bank-account-app-microservice/customer-service/target/classes started by macbook in /Users/macbook/Desktop/MED-YOUSSFI/bank-account-app-microservice)
2025-10-19T20:02:00.565+02:00  INFO 11652 --- [customer-service] [main] t.a.c.CustomerServiceApplication         : No active profile set, falling back to 1 default profile: "default"
2025-10-19T20:02:00.625+02:00  INFO 11652 --- [customer-service] [main] o.s.c.c.c.ConfigServerConfigDataLoader   : Fetching config from server at : http://localhost:9999
2025-10-19T20:02:00.625+02:00  WARN 11652 --- [customer-service] [main] o.s.c.c.c.ConfigServerConfigDataLoader   : Could not locate PropertySource ([ConfigServerConfigDataResource@4721d212 uris = array<String>['http://localhost:9999'], optional = true, profiles = 'default']): None of labels [] found
2025-10-19T20:02:00.625+02:00  INFO 11652 --- [customer-service] [main] o.s.c.c.c.ConfigServerConfigDataLoader   : Fetching config from server at : http://localhost:9999
2025-10-19T20:02:00.626+02:00  WARN 11652 --- [customer-service] [main] o.s.c.c.c.ConfigServerConfigDataLoader   : Could not locate PropertySource ([ConfigServerConfigDataResource@5b7ea70d uris = array<String>['http://localhost:9999'], optional = true, profiles = 'default']): None of labels [] found
2025-10-19T20:02:00.626+02:00  INFO 11652 --- [customer-service] [main] o.s.c.c.c.ConfigServerConfigDataLoader   : Fetching config from server at : http://localhost:9999
2025-10-19T20:02:00.626+02:00  WARN 11652 --- [customer-service] [main] o.s.c.c.c.ConfigServerConfigDataLoader   : Could not locate PropertySource ([ConfigServerConfigDataResource@30f5a68a uris = array<String>['http://localhost:9999'], optional = true, profiles = 'default']): None of labels [] found
2025-10-19T20:02:02.259+02:00  INFO 11652 --- [customer-service] [main] .s.d.r.c.RepositoryConfigurationDelegate : Bootstrapping Spring Data JPA repositories in DEFAULT mode.
2025-10-19T20:02:02.539+02:00  INFO 11652 --- [customer-service] [main] .s.d.r.c.RepositoryConfigurationDelegate : Finished Spring Data repository scanning in 273 ms. Found 1 JPA repository interface.
2025-10-19T20:02:02.998+02:00  INFO 11652 --- [customer-service] [main] o.s.cloud.context.scope.GenericScope     : BeanFactory id=05bd7067-fbee-367a-970e-292896c708be
2025-10-19T20:02:03.514+02:00  WARN 11652 --- [customer-service] [main] trationDelegate$BeanPostProcessorChecker : Bean 'org.springframework.cloud.client.loadbalancer.LoadBalancerAutoConfiguration$LoadBalancerInterceptorConfig' of type [org.springframework.cloud.client.loadbalancer.LoadBalancerAutoConfiguration$LoadBalancerInterceptorConfig] is not eligible for getting processed by all BeanPostProcessors (for example: not eligible for auto-proxying). The currently created BeanPostProcessor [lbRestClientPostProcessor] is declared through a non-static factory method on that class; consider declaring it as static instead.
2025-10-19T20:02:03.520+02:00  WARN 11652 --- [customer-service] [main] trationDelegate$BeanPostProcessorChecker : Bean 'org.springframework.cloud.loadbalancer.config.BlockingLoadBalancerClientAutoConfiguration' of type [org.springframework.cloud.loadbalancer.config.BlockingLoadBalancerClientAutoConfiguration] is not eligible for getting processed by all BeanPostProcessors (for example: not eligible for auto-proxying). Is this bean getting eagerly injected into a currently created BeanPostProcessor [lbRestClientPostProcessor]? Check the corresponding BeanPostProcessor declaration and its dependencies.
2025-10-19T20:02:03.525+02:00  WARN 11652 --- [customer-service] [main] trationDelegate$BeanPostProcessorChecker : Bean 'org.springframework.cloud.loadbalancer.config.LoadBalancerAutoConfiguration' of type [org.springframework.cloud.loadbalancer.config.LoadBalancerAutoConfiguration] is not eligible for getting processed by all BeanPostProcessors (for example: not eligible for auto-proxying). Is this bean getting eagerly injected into a currently created BeanPostProcessor [lbRestClientPostProcessor]? Check the corresponding BeanPostProcessor declaration and its dependencies.
2025-10-19T20:02:03.538+02:00  WARN 11652 --- [customer-service] [main] trationDelegate$BeanPostProcessorChecker : Bean 'org.springframework.cloud.commons.config.CommonsConfigAutoConfiguration' of type [org.springframework.cloud.commons.config.CommonsConfigAutoConfiguration] is not eligible for getting processed by all BeanPostProcessors (for example: not eligible for auto-proxying). Is this bean getting eagerly injected into a currently created BeanPostProcessor [lbRestClientPostProcessor]? Check the corresponding BeanPostProcessor declaration and its dependencies.
2025-10-19T20:02:03.541+02:00  WARN 11652 --- [customer-service] [main] trationDelegate$BeanPostProcessorChecker : Bean 'org.springframework.cloud.client.loadbalancer.LoadBalancerDefaultMappingsProviderAutoConfiguration' of type [org.springframework.cloud.client.loadbalancer.LoadBalancerDefaultMappingsProviderAutoConfiguration] is not eligible for getting processed by all BeanPostProcessors (for example: not eligible for auto-proxying). Is this bean getting eagerly injected into a currently created BeanPostProcessor [lbRestClientPostProcessor]? Check the corresponding BeanPostProcessor declaration and its dependencies.
2025-10-19T20:02:03.542+02:00  WARN 11652 --- [customer-service] [main] trationDelegate$BeanPostProcessorChecker : Bean 'loadBalancerClientsDefaultsMappingsProvider' of type [org.springframework.cloud.client.loadbalancer.LoadBalancerDefaultMappingsProviderAutoConfiguration$$Lambda$709/0x00000001314ceed0] is not eligible for getting processed by all BeanPostProcessors (for example: not eligible for auto-proxying). Is this bean getting eagerly injected into a currently created BeanPostProcessor [lbRestClientPostProcessor]? Check the corresponding BeanPostProcessor declaration and its dependencies.
2025-10-19T20:02:03.545+02:00  WARN 11652 --- [customer-service] [main] trationDelegate$BeanPostProcessorChecker : Bean 'defaultsBindHandlerAdvisor' of type [org.springframework.cloud.commons.config.DefaultsBindHandlerAdvisor] is not eligible for getting processed by all BeanPostProcessors (for example: not eligible for auto-proxying). Is this bean getting eagerly injected into a currently created BeanPostProcessor [lbRestClientPostProcessor]? Check the corresponding BeanPostProcessor declaration and its dependencies.
2025-10-19T20:02:03.555+02:00  WARN 11652 --- [customer-service] [main] trationDelegate$BeanPostProcessorChecker : Bean 'spring.cloud.loadbalancer-org.springframework.cloud.client.loadbalancer.LoadBalancerClientsProperties' of type [org.springframework.cloud.client.loadbalancer.LoadBalancerClientsProperties] is not eligible for getting processed by all BeanPostProcessors (for example: not eligible for auto-proxying). Is this bean getting eagerly injected into a currently created BeanPostProcessor [lbRestClientPostProcessor]? Check the corresponding BeanPostProcessor declaration and its dependencies.
2025-10-19T20:02:03.565+02:00  WARN 11652 --- [customer-service] [main] trationDelegate$BeanPostProcessorChecker : Bean 'default.org.springframework.cloud.loadbalancer.config.LoadBalancerAutoConfiguration.LoadBalancerClientSpecification' of type [org.springframework.cloud.loadbalancer.annotation.LoadBalancerClientSpecification] is not eligible for getting processed by all BeanPostProcessors (for example: not eligible for auto-proxying). Is this bean getting eagerly injected into a currently created BeanPostProcessor [lbRestClientPostProcessor]? Check the corresponding BeanPostProcessor declaration and its dependencies.
2025-10-19T20:02:03.567+02:00  WARN 11652 --- [customer-service] [main] trationDelegate$BeanPostProcessorChecker : Bean 'default.org.springframework.cloud.loadbalancer.config.BlockingLoadBalancerClientAutoConfiguration.LoadBalancerClientSpecification' of type [org.springframework.cloud.loadbalancer.annotation.LoadBalancerClientSpecification] is not eligible for getting processed by all BeanPostProcessors (for example: not eligible for auto-proxying). Is this bean getting eagerly injected into a currently created BeanPostProcessor [lbRestClientPostProcessor]? Check the corresponding BeanPostProcessor declaration and its dependencies.
2025-10-19T20:02:03.569+02:00  WARN 11652 --- [customer-service] [main] trationDelegate$BeanPostProcessorChecker : Bean 'default.org.springframework.cloud.netflix.eureka.loadbalancer.LoadBalancerEurekaAutoConfiguration.LoadBalancerClientSpecification' of type [org.springframework.cloud.loadbalancer.annotation.LoadBalancerClientSpecification] is not eligible for getting processed by all BeanPostProcessors (for example: not eligible for auto-proxying). Is this bean getting eagerly injected into a currently created BeanPostProcessor [lbRestClientPostProcessor]? Check the corresponding BeanPostProcessor declaration and its dependencies.
2025-10-19T20:02:03.570+02:00  WARN 11652 --- [customer-service] [main] trationDelegate$BeanPostProcessorChecker : Bean 'loadBalancerClientFactory' of type [org.springframework.cloud.loadbalancer.support.LoadBalancerClientFactory] is not eligible for getting processed by all BeanPostProcessors (for example: not eligible for auto-proxying). Is this bean getting eagerly injected into a currently created BeanPostProcessor [lbRestClientPostProcessor]? Check the corresponding BeanPostProcessor declaration and its dependencies.
2025-10-19T20:02:03.577+02:00  WARN 11652 --- [customer-service] [main] trationDelegate$BeanPostProcessorChecker : Bean 'blockingLoadBalancerClient' of type [org.springframework.cloud.loadbalancer.blocking.client.BlockingLoadBalancerClient] is not eligible for getting processed by all BeanPostProcessors (for example: not eligible for auto-proxying). Is this bean getting eagerly injected into a currently created BeanPostProcessor [lbRestClientPostProcessor]? Check the corresponding BeanPostProcessor declaration and its dependencies.
2025-10-19T20:02:03.590+02:00  WARN 11652 --- [customer-service] [main] trationDelegate$BeanPostProcessorChecker : Bean 'loadBalancerServiceInstanceCookieTransformer' of type [org.springframework.cloud.loadbalancer.core.LoadBalancerServiceInstanceCookieTransformer] is not eligible for getting processed by all BeanPostProcessors (for example: not eligible for auto-proxying). Is this bean getting eagerly injected into a currently created BeanPostProcessor [lbRestClientPostProcessor]? Check the corresponding BeanPostProcessor declaration and its dependencies.
2025-10-19T20:02:03.593+02:00  WARN 11652 --- [customer-service] [main] trationDelegate$BeanPostProcessorChecker : Bean 'xForwarderHeadersTransformer' of type [org.springframework.cloud.loadbalancer.blocking.XForwardedHeadersTransformer] is not eligible for getting processed by all BeanPostProcessors (for example: not eligible for auto-proxying). Is this bean getting eagerly injected into a currently created BeanPostProcessor [lbRestClientPostProcessor]? Check the corresponding BeanPostProcessor declaration and its dependencies.
2025-10-19T20:02:03.594+02:00  WARN 11652 --- [customer-service] [main] trationDelegate$BeanPostProcessorChecker : Bean 'org.springframework.cloud.client.loadbalancer.LoadBalancerAutoConfiguration' of type [org.springframework.cloud.client.loadbalancer.LoadBalancerAutoConfiguration] is not eligible for getting processed by all BeanPostProcessors (for example: not eligible for auto-proxying). Is this bean getting eagerly injected into a currently created BeanPostProcessor [lbRestClientPostProcessor]? Check the corresponding BeanPostProcessor declaration and its dependencies.
2025-10-19T20:02:03.597+02:00  WARN 11652 --- [customer-service] [main] trationDelegate$BeanPostProcessorChecker : Bean 'loadBalancerRequestFactory' of type [org.springframework.cloud.client.loadbalancer.LoadBalancerRequestFactory] is not eligible for getting processed by all BeanPostProcessors (for example: not eligible for auto-proxying). Is this bean getting eagerly injected into a currently created BeanPostProcessor [lbRestClientPostProcessor]? Check the corresponding BeanPostProcessor declaration and its dependencies.
2025-10-19T20:02:03.598+02:00  WARN 11652 --- [customer-service] [main] trationDelegate$BeanPostProcessorChecker : Bean 'loadBalancerInterceptor' of type [org.springframework.cloud.client.loadbalancer.LoadBalancerInterceptor] is not eligible for getting processed by all BeanPostProcessors (for example: not eligible for auto-proxying). Is this bean getting eagerly injected into a currently created BeanPostProcessor [lbRestClientPostProcessor]? Check the corresponding BeanPostProcessor declaration and its dependencies.
2025-10-19T20:02:04.004+02:00  INFO 11652 --- [customer-service] [main] o.s.b.w.embedded.tomcat.TomcatWebServer  : Tomcat initialized with port 8085 (http)
2025-10-19T20:02:04.017+02:00  INFO 11652 --- [customer-service] [main] o.apache.catalina.core.StandardService   : Starting service [Tomcat]
2025-10-19T20:02:04.017+02:00  INFO 11652 --- [customer-service] [main] o.apache.catalina.core.StandardEngine    : Starting Servlet engine: [Apache Tomcat/10.1.19]
2025-10-19T20:02:04.090+02:00  INFO 11652 --- [customer-service] [main] o.a.c.c.C.[Tomcat].[localhost].[/]       : Initializing Spring embedded WebApplicationContext
2025-10-19T20:02:04.090+02:00  INFO 11652 --- [customer-service] [main] w.s.c.ServletWebServerApplicationContext : Root WebApplicationContext: initialization completed in 3462 ms
2025-10-19T20:02:04.545+02:00  INFO 11652 --- [customer-service] [main] com.zaxxer.hikari.HikariDataSource       : HikariPool-1 - Starting...
2025-10-19T20:02:04.920+02:00  INFO 11652 --- [customer-service] [main] com.zaxxer.hikari.pool.HikariPool        : HikariPool-1 - Added connection conn0: url=jdbc:h2:mem:2742c433-9e6d-4c63-ad15-627c76049133 user=SA
2025-10-19T20:02:04.923+02:00  INFO 11652 --- [customer-service] [main] com.zaxxer.hikari.HikariDataSource       : HikariPool-1 - Start completed.
2025-10-19T20:02:05.038+02:00  INFO 11652 --- [customer-service] [main] o.hibernate.jpa.internal.util.LogHelper  : HHH000204: Processing PersistenceUnitInfo [name: default]
2025-10-19T20:02:05.188+02:00  INFO 11652 --- [customer-service] [main] org.hibernate.Version                    : HHH000412: Hibernate ORM core version 6.4.4.Final
2025-10-19T20:02:05.281+02:00  INFO 11652 --- [customer-service] [main] o.h.c.internal.RegionFactoryInitiator    : HHH000026: Second-level cache disabled
2025-10-19T20:02:05.646+02:00  INFO 11652 --- [customer-service] [main] o.s.o.j.p.SpringPersistenceUnitInfo      : No LoadTimeWeaver setup: ignoring JPA class transformer
2025-10-19T20:02:06.720+02:00  INFO 11652 --- [customer-service] [main] o.h.e.t.j.p.i.JtaPlatformInitiator       : HHH000489: No JTA platform available (set 'hibernate.transaction.jta.platform' to enable JTA platform integration)
2025-10-19T20:02:06.757+02:00  INFO 11652 --- [customer-service] [main] j.LocalContainerEntityManagerFactoryBean : Initialized JPA EntityManagerFactory for persistence unit 'default'
2025-10-19T20:02:07.308+02:00  WARN 11652 --- [customer-service] [main] JpaBaseConfiguration$JpaWebConfiguration : spring.jpa.open-in-view is enabled by default. Therefore, database queries may be performed during view rendering. Explicitly configure spring.jpa.open-in-view to disable this warning
2025-10-19T20:02:08.580+02:00  INFO 11652 --- [customer-service] [main] DiscoveryClientOptionalArgsConfiguration : Eureka HTTP Client uses RestTemplate.
2025-10-19T20:02:08.744+02:00  WARN 11652 --- [customer-service] [main] iguration$LoadBalancerCaffeineWarnLogger : Spring Cloud LoadBalancer is currently working with the default cache. While this cache implementation is useful for development and tests, it's recommended to use Caffeine cache in production.You can switch to using Caffeine cache, by adding it and org.springframework.cache.caffeine.CaffeineCacheManager to the classpath.
2025-10-19T20:02:08.776+02:00  INFO 11652 --- [customer-service] [main] o.s.b.a.e.web.EndpointLinksResolver      : Exposing 1 endpoint(s) beneath base path '/actuator'
2025-10-19T20:02:09.052+02:00  INFO 11652 --- [customer-service] [main] o.s.c.n.eureka.InstanceInfoFactory       : Setting initial instance status as: STARTING
2025-10-19T20:02:09.213+02:00  INFO 11652 --- [customer-service] [main] com.netflix.discovery.DiscoveryClient    : Initializing Eureka in region us-east-1
2025-10-19T20:02:09.227+02:00  INFO 11652 --- [customer-service] [main] c.n.d.s.r.aws.ConfigClusterResolver      : Resolving eureka endpoints via configuration
2025-10-19T20:02:09.303+02:00  INFO 11652 --- [customer-service] [main] com.netflix.discovery.DiscoveryClient    : Disable delta property : false
2025-10-19T20:02:09.303+02:00  INFO 11652 --- [customer-service] [main] com.netflix.discovery.DiscoveryClient    : Single vip registry refresh property : null
2025-10-19T20:02:09.303+02:00  INFO 11652 --- [customer-service] [main] com.netflix.discovery.DiscoveryClient    : Force full registry fetch : false
2025-10-19T20:02:09.304+02:00  INFO 11652 --- [customer-service] [main] com.netflix.discovery.DiscoveryClient    : Application is null : false
2025-10-19T20:02:09.304+02:00  INFO 11652 --- [customer-service] [main] com.netflix.discovery.DiscoveryClient    : Registered Applications size is zero : true
2025-10-19T20:02:09.304+02:00  INFO 11652 --- [customer-service] [main] com.netflix.discovery.DiscoveryClient    : Application version is -1: true
2025-10-19T20:02:09.305+02:00  INFO 11652 --- [customer-service] [main] com.netflix.discovery.DiscoveryClient    : Getting all instance registry info from the eureka server
2025-10-19T20:02:10.553+02:00  INFO 11652 --- [customer-service] [main] com.netflix.discovery.DiscoveryClient    : The response status is 200
2025-10-19T20:02:10.558+02:00  INFO 11652 --- [customer-service] [main] com.netflix.discovery.DiscoveryClient    : Starting heartbeat executor: renew interval is: 30
2025-10-19T20:02:10.562+02:00  INFO 11652 --- [customer-service] [main] c.n.discovery.InstanceInfoReplicator     : InstanceInfoReplicator onDemand update allowed rate per min is 4
2025-10-19T20:02:10.571+02:00  INFO 11652 --- [customer-service] [main] com.netflix.discovery.DiscoveryClient    : Discovery Client initialized at timestamp 1760896930570 with initial instances count: 3
2025-10-19T20:02:10.588+02:00  INFO 11652 --- [customer-service] [main] o.s.c.n.e.s.EurekaServiceRegistry        : Registering application CUSTOMER-SERVICE with eureka with status UP
2025-10-19T20:02:10.589+02:00  INFO 11652 --- [customer-service] [main] com.netflix.discovery.DiscoveryClient    : Saw local status change event StatusChangeEvent [timestamp=1760896930589, current=UP, previous=STARTING]
2025-10-19T20:02:10.592+02:00  INFO 11652 --- [customer-service] [DiscoveryClient-InstanceInfoReplicator-0] com.netflix.discovery.DiscoveryClient    : DiscoveryClient_CUSTOMER-SERVICE/mbp-de-macbook:customer-service:8085: registering service...
2025-10-19T20:02:10.667+02:00  INFO 11652 --- [customer-service] [main] o.s.b.w.embedded.tomcat.TomcatWebServer  : Tomcat started on port 8085 (http) with context path ''
2025-10-19T20:02:10.670+02:00  INFO 11652 --- [customer-service] [main] .s.c.n.e.s.EurekaAutoServiceRegistration : Updating port to 8085
2025-10-19T20:02:10.681+02:00  WARN 11652 --- [customer-service] [main] ConfigServletWebServerApplicationContext : Exception encountered during context initialization - cancelling refresh attempt: org.springframework.beans.factory.BeanCreationException: Error creating bean with name 'scopedTarget.configTestController': Injection of autowired dependencies failed
2025-10-19T20:02:10.688+02:00  INFO 11652 --- [customer-service] [DiscoveryClient-InstanceInfoReplicator-0] com.netflix.discovery.DiscoveryClient    : DiscoveryClient_CUSTOMER-SERVICE/mbp-de-macbook:customer-service:8085 - registration status: 204
2025-10-19T20:02:10.697+02:00  INFO 11652 --- [customer-service] [main] j.LocalContainerEntityManagerFactoryBean : Closing JPA EntityManagerFactory for persistence unit 'default'
2025-10-19T20:02:10.710+02:00  INFO 11652 --- [customer-service] [main] com.zaxxer.hikari.HikariDataSource       : HikariPool-1 - Shutdown initiated...
2025-10-19T20:02:10.714+02:00  INFO 11652 --- [customer-service] [main] com.zaxxer.hikari.HikariDataSource       : HikariPool-1 - Shutdown completed.
2025-10-19T20:02:10.719+02:00  INFO 11652 --- [customer-service] [main] com.netflix.discovery.DiscoveryClient    : Shutting down DiscoveryClient ...
2025-10-19T20:02:13.725+02:00  INFO 11652 --- [customer-service] [main] com.netflix.discovery.DiscoveryClient    : Unregistering ...
2025-10-19T20:02:13.735+02:00  INFO 11652 --- [customer-service] [main] com.netflix.discovery.DiscoveryClient    : DiscoveryClient_CUSTOMER-SERVICE/mbp-de-macbook:customer-service:8085 - deregister  status: 200
2025-10-19T20:02:13.748+02:00  INFO 11652 --- [customer-service] [main] com.netflix.discovery.DiscoveryClient    : Completed shut down of DiscoveryClient
2025-10-19T20:02:13.763+02:00  INFO 11652 --- [customer-service] [main] o.apache.catalina.core.StandardService   : Stopping service [Tomcat]
2025-10-19T20:02:13.820+02:00  INFO 11652 --- [customer-service] [main] .s.b.a.l.ConditionEvaluationReportLogger : 

Error starting ApplicationContext. To display the condition evaluation report re-run your application with 'debug' enabled.
2025-10-19T20:02:13.865+02:00 ERROR 11652 --- [customer-service] [main] o.s.boot.SpringApplication               : Application run failed

org.springframework.beans.factory.BeanCreationException: Error creating bean with name 'scopedTarget.configTestController': Injection of autowired dependencies failed
	at org.springframework.beans.factory.annotation.AutowiredAnnotationBeanPostProcessor.postProcessProperties(AutowiredAnnotationBeanPostProcessor.java:514) ~[spring-beans-6.1.4.jar:6.1.4]
	at org.springframework.beans.factory.support.AbstractAutowireCapableBeanFactory.populateBean(AbstractAutowireCapableBeanFactory.java:1419) ~[spring-beans-6.1.4.jar:6.1.4]
	at org.springframework.beans.factory.support.AbstractAutowireCapableBeanFactory.doCreateBean(AbstractAutowireCapableBeanFactory.java:599) ~[spring-beans-6.1.4.jar:6.1.4]
	at org.springframework.beans.factory.support.AbstractAutowireCapableBeanFactory.createBean(AbstractAutowireCapableBeanFactory.java:522) ~[spring-beans-6.1.4.jar:6.1.4]
	at org.springframework.beans.factory.support.AbstractBeanFactory.lambda$doGetBean$1(AbstractBeanFactory.java:364) ~[spring-beans-6.1.4.jar:6.1.4]
	at org.springframework.cloud.context.scope.GenericScope$BeanLifecycleWrapper.getBean(GenericScope.java:375) ~[spring-cloud-context-4.1.0.jar:4.1.0]
	at org.springframework.cloud.context.scope.GenericScope.get(GenericScope.java:179) ~[spring-cloud-context-4.1.0.jar:4.1.0]
	at org.springframework.beans.factory.support.AbstractBeanFactory.doGetBean(AbstractBeanFactory.java:361) ~[spring-beans-6.1.4.jar:6.1.4]
	at org.springframework.beans.factory.support.AbstractBeanFactory.getBean(AbstractBeanFactory.java:199) ~[spring-beans-6.1.4.jar:6.1.4]
	at org.springframework.context.support.AbstractApplicationContext.getBean(AbstractApplicationContext.java:1231) ~[spring-context-6.1.4.jar:6.1.4]
	at org.springframework.cloud.context.scope.refresh.RefreshScope.eagerlyInitialize(RefreshScope.java:126) ~[spring-cloud-context-4.1.0.jar:4.1.0]
	at org.springframework.cloud.context.scope.refresh.RefreshScope.start(RefreshScope.java:118) ~[spring-cloud-context-4.1.0.jar:4.1.0]
	at org.springframework.cloud.context.scope.refresh.RefreshScope.onApplicationEvent(RefreshScope.java:113) ~[spring-cloud-context-4.1.0.jar:4.1.0]
	at org.springframework.cloud.context.scope.refresh.RefreshScope.onApplicationEvent(RefreshScope.java:68) ~[spring-cloud-context-4.1.0.jar:4.1.0]
	at org.springframework.context.event.SimpleApplicationEventMulticaster.doInvokeListener(SimpleApplicationEventMulticaster.java:185) ~[spring-context-6.1.4.jar:6.1.4]
	at org.springframework.context.event.SimpleApplicationEventMulticaster.invokeListener(SimpleApplicationEventMulticaster.java:178) ~[spring-context-6.1.4.jar:6.1.4]
	at org.springframework.context.event.SimpleApplicationEventMulticaster.multicastEvent(SimpleApplicationEventMulticaster.java:156) ~[spring-context-6.1.4.jar:6.1.4]
	at org.springframework.context.support.AbstractApplicationContext.publishEvent(AbstractApplicationContext.java:451) ~[spring-context-6.1.4.jar:6.1.4]
	at org.springframework.context.support.AbstractApplicationContext.publishEvent(AbstractApplicationContext.java:384) ~[spring-context-6.1.4.jar:6.1.4]
	at org.springframework.context.support.AbstractApplicationContext.finishRefresh(AbstractApplicationContext.java:981) ~[spring-context-6.1.4.jar:6.1.4]
	at org.springframework.context.support.AbstractApplicationContext.refresh(AbstractApplicationContext.java:627) ~[spring-context-6.1.4.jar:6.1.4]
	at org.springframework.boot.web.servlet.context.ServletWebServerApplicationContext.refresh(ServletWebServerApplicationContext.java:146) ~[spring-boot-3.2.3.jar:3.2.3]
	at org.springframework.boot.SpringApplication.refresh(SpringApplication.java:754) ~[spring-boot-3.2.3.jar:3.2.3]
	at org.springframework.boot.SpringApplication.refreshContext(SpringApplication.java:456) ~[spring-boot-3.2.3.jar:3.2.3]
	at org.springframework.boot.SpringApplication.run(SpringApplication.java:334) ~[spring-boot-3.2.3.jar:3.2.3]
	at org.springframework.boot.SpringApplication.run(SpringApplication.java:1354) ~[spring-boot-3.2.3.jar:3.2.3]
	at org.springframework.boot.SpringApplication.run(SpringApplication.java:1343) ~[spring-boot-3.2.3.jar:3.2.3]
	at tn.amira.customerservice.CustomerServiceApplication.main(CustomerServiceApplication.java:19) ~[classes/:na]
Caused by: java.lang.IllegalArgumentException: Could not resolve placeholder 'global.params.p1' in value "${global.params.p1}"
	at org.springframework.util.PropertyPlaceholderHelper.parseStringValue(PropertyPlaceholderHelper.java:180) ~[spring-core-6.1.4.jar:6.1.4]
	at org.springframework.util.PropertyPlaceholderHelper.replacePlaceholders(PropertyPlaceholderHelper.java:126) ~[spring-core-6.1.4.jar:6.1.4]
	at org.springframework.core.env.AbstractPropertyResolver.doResolvePlaceholders(AbstractPropertyResolver.java:239) ~[spring-core-6.1.4.jar:6.1.4]
	at org.springframework.core.env.AbstractPropertyResolver.resolveRequiredPlaceholders(AbstractPropertyResolver.java:210) ~[spring-core-6.1.4.jar:6.1.4]
	at org.springframework.context.support.PropertySourcesPlaceholderConfigurer.lambda$processProperties$0(PropertySourcesPlaceholderConfigurer.java:200) ~[spring-context-6.1.4.jar:6.1.4]
	at org.springframework.beans.factory.support.AbstractBeanFactory.resolveEmbeddedValue(AbstractBeanFactory.java:921) ~[spring-beans-6.1.4.jar:6.1.4]
	at org.springframework.beans.factory.support.DefaultListableBeanFactory.doResolveDependency(DefaultListableBeanFactory.java:1374) ~[spring-beans-6.1.4.jar:6.1.4]
	at org.springframework.beans.factory.support.DefaultListableBeanFactory.resolveDependency(DefaultListableBeanFactory.java:1353) ~[spring-beans-6.1.4.jar:6.1.4]
	at org.springframework.beans.factory.annotation.AutowiredAnnotationBeanPostProcessor$AutowiredFieldElement.resolveFieldValue(AutowiredAnnotationBeanPostProcessor.java:784) ~[spring-beans-6.1.4.jar:6.1.4]
	at org.springframework.beans.factory.annotation.AutowiredAnnotationBeanPostProcessor$AutowiredFieldElement.inject(AutowiredAnnotationBeanPostProcessor.java:767) ~[spring-beans-6.1.4.jar:6.1.4]
	at org.springframework.beans.factory.annotation.InjectionMetadata.inject(InjectionMetadata.java:145) ~[spring-beans-6.1.4.jar:6.1.4]
	at org.springframework.beans.factory.annotation.AutowiredAnnotationBeanPostProcessor.postProcessProperties(AutowiredAnnotationBeanPostProcessor.java:508) ~[spring-beans-6.1.4.jar:6.1.4]
	... 27 common frames omitted

2025-10-19T21:45:44.702+02:00  INFO 14238 --- [customer-service] [main] t.a.c.CustomerServiceApplication         : Starting CustomerServiceApplication using Java 17.0.8 with PID 14238 (/Users/macbook/Desktop/MED-YOUSSFI/bank-account-app-microservice/customer-service/target/classes started by macbook in /Users/macbook/Desktop/MED-YOUSSFI/bank-account-app-microservice)
2025-10-19T21:45:44.705+02:00  INFO 14238 --- [customer-service] [main] t.a.c.CustomerServiceApplication         : No active profile set, falling back to 1 default profile: "default"
2025-10-19T21:45:44.770+02:00  INFO 14238 --- [customer-service] [main] o.s.c.c.c.ConfigServerConfigDataLoader   : Fetching config from server at : http://localhost:9999
2025-10-19T21:45:44.771+02:00  WARN 14238 --- [customer-service] [main] o.s.c.c.c.ConfigServerConfigDataLoader   : Could not locate PropertySource ([ConfigServerConfigDataResource@618c5d94 uris = array<String>['http://localhost:9999'], optional = true, profiles = 'default']): None of labels [] found
2025-10-19T21:45:44.771+02:00  INFO 14238 --- [customer-service] [main] o.s.c.c.c.ConfigServerConfigDataLoader   : Fetching config from server at : http://localhost:9999
2025-10-19T21:45:44.772+02:00  WARN 14238 --- [customer-service] [main] o.s.c.c.c.ConfigServerConfigDataLoader   : Could not locate PropertySource ([ConfigServerConfigDataResource@7be58f16 uris = array<String>['http://localhost:9999'], optional = true, profiles = 'default']): None of labels [] found
2025-10-19T21:45:44.772+02:00  INFO 14238 --- [customer-service] [main] o.s.c.c.c.ConfigServerConfigDataLoader   : Fetching config from server at : http://localhost:9999
2025-10-19T21:45:44.772+02:00  WARN 14238 --- [customer-service] [main] o.s.c.c.c.ConfigServerConfigDataLoader   : Could not locate PropertySource ([ConfigServerConfigDataResource@37bd68c3 uris = array<String>['http://localhost:9999'], optional = true, profiles = 'default']): None of labels [] found
2025-10-19T21:45:46.422+02:00  INFO 14238 --- [customer-service] [main] .s.d.r.c.RepositoryConfigurationDelegate : Bootstrapping Spring Data JPA repositories in DEFAULT mode.
2025-10-19T21:45:46.580+02:00  INFO 14238 --- [customer-service] [main] .s.d.r.c.RepositoryConfigurationDelegate : Finished Spring Data repository scanning in 149 ms. Found 1 JPA repository interface.
2025-10-19T21:45:46.835+02:00  INFO 14238 --- [customer-service] [main] o.s.cloud.context.scope.GenericScope     : BeanFactory id=05bd7067-fbee-367a-970e-292896c708be
2025-10-19T21:45:47.149+02:00  WARN 14238 --- [customer-service] [main] trationDelegate$BeanPostProcessorChecker : Bean 'org.springframework.cloud.client.loadbalancer.LoadBalancerAutoConfiguration$LoadBalancerInterceptorConfig' of type [org.springframework.cloud.client.loadbalancer.LoadBalancerAutoConfiguration$LoadBalancerInterceptorConfig] is not eligible for getting processed by all BeanPostProcessors (for example: not eligible for auto-proxying). The currently created BeanPostProcessor [lbRestClientPostProcessor] is declared through a non-static factory method on that class; consider declaring it as static instead.
2025-10-19T21:45:47.161+02:00  WARN 14238 --- [customer-service] [main] trationDelegate$BeanPostProcessorChecker : Bean 'org.springframework.cloud.loadbalancer.config.BlockingLoadBalancerClientAutoConfiguration' of type [org.springframework.cloud.loadbalancer.config.BlockingLoadBalancerClientAutoConfiguration] is not eligible for getting processed by all BeanPostProcessors (for example: not eligible for auto-proxying). Is this bean getting eagerly injected into a currently created BeanPostProcessor [lbRestClientPostProcessor]? Check the corresponding BeanPostProcessor declaration and its dependencies.
2025-10-19T21:45:47.165+02:00  WARN 14238 --- [customer-service] [main] trationDelegate$BeanPostProcessorChecker : Bean 'org.springframework.cloud.loadbalancer.config.LoadBalancerAutoConfiguration' of type [org.springframework.cloud.loadbalancer.config.LoadBalancerAutoConfiguration] is not eligible for getting processed by all BeanPostProcessors (for example: not eligible for auto-proxying). Is this bean getting eagerly injected into a currently created BeanPostProcessor [lbRestClientPostProcessor]? Check the corresponding BeanPostProcessor declaration and its dependencies.
2025-10-19T21:45:47.175+02:00  WARN 14238 --- [customer-service] [main] trationDelegate$BeanPostProcessorChecker : Bean 'org.springframework.cloud.commons.config.CommonsConfigAutoConfiguration' of type [org.springframework.cloud.commons.config.CommonsConfigAutoConfiguration] is not eligible for getting processed by all BeanPostProcessors (for example: not eligible for auto-proxying). Is this bean getting eagerly injected into a currently created BeanPostProcessor [lbRestClientPostProcessor]? Check the corresponding BeanPostProcessor declaration and its dependencies.
2025-10-19T21:45:47.178+02:00  WARN 14238 --- [customer-service] [main] trationDelegate$BeanPostProcessorChecker : Bean 'org.springframework.cloud.client.loadbalancer.LoadBalancerDefaultMappingsProviderAutoConfiguration' of type [org.springframework.cloud.client.loadbalancer.LoadBalancerDefaultMappingsProviderAutoConfiguration] is not eligible for getting processed by all BeanPostProcessors (for example: not eligible for auto-proxying). Is this bean getting eagerly injected into a currently created BeanPostProcessor [lbRestClientPostProcessor]? Check the corresponding BeanPostProcessor declaration and its dependencies.
2025-10-19T21:45:47.180+02:00  WARN 14238 --- [customer-service] [main] trationDelegate$BeanPostProcessorChecker : Bean 'loadBalancerClientsDefaultsMappingsProvider' of type [org.springframework.cloud.client.loadbalancer.LoadBalancerDefaultMappingsProviderAutoConfiguration$$Lambda$709/0x00000001324be7c8] is not eligible for getting processed by all BeanPostProcessors (for example: not eligible for auto-proxying). Is this bean getting eagerly injected into a currently created BeanPostProcessor [lbRestClientPostProcessor]? Check the corresponding BeanPostProcessor declaration and its dependencies.
2025-10-19T21:45:47.183+02:00  WARN 14238 --- [customer-service] [main] trationDelegate$BeanPostProcessorChecker : Bean 'defaultsBindHandlerAdvisor' of type [org.springframework.cloud.commons.config.DefaultsBindHandlerAdvisor] is not eligible for getting processed by all BeanPostProcessors (for example: not eligible for auto-proxying). Is this bean getting eagerly injected into a currently created BeanPostProcessor [lbRestClientPostProcessor]? Check the corresponding BeanPostProcessor declaration and its dependencies.
2025-10-19T21:45:47.193+02:00  WARN 14238 --- [customer-service] [main] trationDelegate$BeanPostProcessorChecker : Bean 'spring.cloud.loadbalancer-org.springframework.cloud.client.loadbalancer.LoadBalancerClientsProperties' of type [org.springframework.cloud.client.loadbalancer.LoadBalancerClientsProperties] is not eligible for getting processed by all BeanPostProcessors (for example: not eligible for auto-proxying). Is this bean getting eagerly injected into a currently created BeanPostProcessor [lbRestClientPostProcessor]? Check the corresponding BeanPostProcessor declaration and its dependencies.
2025-10-19T21:45:47.201+02:00  WARN 14238 --- [customer-service] [main] trationDelegate$BeanPostProcessorChecker : Bean 'default.org.springframework.cloud.loadbalancer.config.LoadBalancerAutoConfiguration.LoadBalancerClientSpecification' of type [org.springframework.cloud.loadbalancer.annotation.LoadBalancerClientSpecification] is not eligible for getting processed by all BeanPostProcessors (for example: not eligible for auto-proxying). Is this bean getting eagerly injected into a currently created BeanPostProcessor [lbRestClientPostProcessor]? Check the corresponding BeanPostProcessor declaration and its dependencies.
2025-10-19T21:45:47.203+02:00  WARN 14238 --- [customer-service] [main] trationDelegate$BeanPostProcessorChecker : Bean 'default.org.springframework.cloud.loadbalancer.config.BlockingLoadBalancerClientAutoConfiguration.LoadBalancerClientSpecification' of type [org.springframework.cloud.loadbalancer.annotation.LoadBalancerClientSpecification] is not eligible for getting processed by all BeanPostProcessors (for example: not eligible for auto-proxying). Is this bean getting eagerly injected into a currently created BeanPostProcessor [lbRestClientPostProcessor]? Check the corresponding BeanPostProcessor declaration and its dependencies.
2025-10-19T21:45:47.204+02:00  WARN 14238 --- [customer-service] [main] trationDelegate$BeanPostProcessorChecker : Bean 'default.org.springframework.cloud.netflix.eureka.loadbalancer.LoadBalancerEurekaAutoConfiguration.LoadBalancerClientSpecification' of type [org.springframework.cloud.loadbalancer.annotation.LoadBalancerClientSpecification] is not eligible for getting processed by all BeanPostProcessors (for example: not eligible for auto-proxying). Is this bean getting eagerly injected into a currently created BeanPostProcessor [lbRestClientPostProcessor]? Check the corresponding BeanPostProcessor declaration and its dependencies.
2025-10-19T21:45:47.206+02:00  WARN 14238 --- [customer-service] [main] trationDelegate$BeanPostProcessorChecker : Bean 'loadBalancerClientFactory' of type [org.springframework.cloud.loadbalancer.support.LoadBalancerClientFactory] is not eligible for getting processed by all BeanPostProcessors (for example: not eligible for auto-proxying). Is this bean getting eagerly injected into a currently created BeanPostProcessor [lbRestClientPostProcessor]? Check the corresponding BeanPostProcessor declaration and its dependencies.
2025-10-19T21:45:47.212+02:00  WARN 14238 --- [customer-service] [main] trationDelegate$BeanPostProcessorChecker : Bean 'blockingLoadBalancerClient' of type [org.springframework.cloud.loadbalancer.blocking.client.BlockingLoadBalancerClient] is not eligible for getting processed by all BeanPostProcessors (for example: not eligible for auto-proxying). Is this bean getting eagerly injected into a currently created BeanPostProcessor [lbRestClientPostProcessor]? Check the corresponding BeanPostProcessor declaration and its dependencies.
2025-10-19T21:45:47.224+02:00  WARN 14238 --- [customer-service] [main] trationDelegate$BeanPostProcessorChecker : Bean 'loadBalancerServiceInstanceCookieTransformer' of type [org.springframework.cloud.loadbalancer.core.LoadBalancerServiceInstanceCookieTransformer] is not eligible for getting processed by all BeanPostProcessors (for example: not eligible for auto-proxying). Is this bean getting eagerly injected into a currently created BeanPostProcessor [lbRestClientPostProcessor]? Check the corresponding BeanPostProcessor declaration and its dependencies.
2025-10-19T21:45:47.226+02:00  WARN 14238 --- [customer-service] [main] trationDelegate$BeanPostProcessorChecker : Bean 'xForwarderHeadersTransformer' of type [org.springframework.cloud.loadbalancer.blocking.XForwardedHeadersTransformer] is not eligible for getting processed by all BeanPostProcessors (for example: not eligible for auto-proxying). Is this bean getting eagerly injected into a currently created BeanPostProcessor [lbRestClientPostProcessor]? Check the corresponding BeanPostProcessor declaration and its dependencies.
2025-10-19T21:45:47.227+02:00  WARN 14238 --- [customer-service] [main] trationDelegate$BeanPostProcessorChecker : Bean 'org.springframework.cloud.client.loadbalancer.LoadBalancerAutoConfiguration' of type [org.springframework.cloud.client.loadbalancer.LoadBalancerAutoConfiguration] is not eligible for getting processed by all BeanPostProcessors (for example: not eligible for auto-proxying). Is this bean getting eagerly injected into a currently created BeanPostProcessor [lbRestClientPostProcessor]? Check the corresponding BeanPostProcessor declaration and its dependencies.
2025-10-19T21:45:47.230+02:00  WARN 14238 --- [customer-service] [main] trationDelegate$BeanPostProcessorChecker : Bean 'loadBalancerRequestFactory' of type [org.springframework.cloud.client.loadbalancer.LoadBalancerRequestFactory] is not eligible for getting processed by all BeanPostProcessors (for example: not eligible for auto-proxying). Is this bean getting eagerly injected into a currently created BeanPostProcessor [lbRestClientPostProcessor]? Check the corresponding BeanPostProcessor declaration and its dependencies.
2025-10-19T21:45:47.232+02:00  WARN 14238 --- [customer-service] [main] trationDelegate$BeanPostProcessorChecker : Bean 'loadBalancerInterceptor' of type [org.springframework.cloud.client.loadbalancer.LoadBalancerInterceptor] is not eligible for getting processed by all BeanPostProcessors (for example: not eligible for auto-proxying). Is this bean getting eagerly injected into a currently created BeanPostProcessor [lbRestClientPostProcessor]? Check the corresponding BeanPostProcessor declaration and its dependencies.
2025-10-19T21:45:47.577+02:00  INFO 14238 --- [customer-service] [main] o.s.b.w.embedded.tomcat.TomcatWebServer  : Tomcat initialized with port 8085 (http)
2025-10-19T21:45:47.588+02:00  INFO 14238 --- [customer-service] [main] o.apache.catalina.core.StandardService   : Starting service [Tomcat]
2025-10-19T21:45:47.589+02:00  INFO 14238 --- [customer-service] [main] o.apache.catalina.core.StandardEngine    : Starting Servlet engine: [Apache Tomcat/10.1.19]
2025-10-19T21:45:47.652+02:00  INFO 14238 --- [customer-service] [main] o.a.c.c.C.[Tomcat].[localhost].[/]       : Initializing Spring embedded WebApplicationContext
2025-10-19T21:45:47.653+02:00  INFO 14238 --- [customer-service] [main] w.s.c.ServletWebServerApplicationContext : Root WebApplicationContext: initialization completed in 2877 ms
2025-10-19T21:45:48.071+02:00  INFO 14238 --- [customer-service] [main] com.zaxxer.hikari.HikariDataSource       : HikariPool-1 - Starting...
2025-10-19T21:45:48.261+02:00  INFO 14238 --- [customer-service] [main] com.zaxxer.hikari.pool.HikariPool        : HikariPool-1 - Added connection conn0: url=jdbc:h2:mem:d6c0e4fa-3ac2-4af2-9018-f646dec8e5f6 user=SA
2025-10-19T21:45:48.262+02:00  INFO 14238 --- [customer-service] [main] com.zaxxer.hikari.HikariDataSource       : HikariPool-1 - Start completed.
2025-10-19T21:45:48.315+02:00  INFO 14238 --- [customer-service] [main] o.hibernate.jpa.internal.util.LogHelper  : HHH000204: Processing PersistenceUnitInfo [name: default]
2025-10-19T21:45:48.372+02:00  INFO 14238 --- [customer-service] [main] org.hibernate.Version                    : HHH000412: Hibernate ORM core version 6.4.4.Final
2025-10-19T21:45:48.404+02:00  INFO 14238 --- [customer-service] [main] o.h.c.internal.RegionFactoryInitiator    : HHH000026: Second-level cache disabled
2025-10-19T21:45:48.646+02:00  INFO 14238 --- [customer-service] [main] o.s.o.j.p.SpringPersistenceUnitInfo      : No LoadTimeWeaver setup: ignoring JPA class transformer
2025-10-19T21:45:49.525+02:00  INFO 14238 --- [customer-service] [main] o.h.e.t.j.p.i.JtaPlatformInitiator       : HHH000489: No JTA platform available (set 'hibernate.transaction.jta.platform' to enable JTA platform integration)
2025-10-19T21:45:49.567+02:00  INFO 14238 --- [customer-service] [main] j.LocalContainerEntityManagerFactoryBean : Initialized JPA EntityManagerFactory for persistence unit 'default'
2025-10-19T21:45:50.085+02:00  WARN 14238 --- [customer-service] [main] JpaBaseConfiguration$JpaWebConfiguration : spring.jpa.open-in-view is enabled by default. Therefore, database queries may be performed during view rendering. Explicitly configure spring.jpa.open-in-view to disable this warning
2025-10-19T21:45:51.004+02:00  INFO 14238 --- [customer-service] [main] DiscoveryClientOptionalArgsConfiguration : Eureka HTTP Client uses RestTemplate.
2025-10-19T21:45:51.041+02:00  WARN 14238 --- [customer-service] [main] iguration$LoadBalancerCaffeineWarnLogger : Spring Cloud LoadBalancer is currently working with the default cache. While this cache implementation is useful for development and tests, it's recommended to use Caffeine cache in production.You can switch to using Caffeine cache, by adding it and org.springframework.cache.caffeine.CaffeineCacheManager to the classpath.
2025-10-19T21:45:51.049+02:00  INFO 14238 --- [customer-service] [main] o.s.b.a.e.web.EndpointLinksResolver      : Exposing 1 endpoint(s) beneath base path '/actuator'
2025-10-19T21:45:51.126+02:00  INFO 14238 --- [customer-service] [main] o.s.c.n.eureka.InstanceInfoFactory       : Setting initial instance status as: STARTING
2025-10-19T21:45:51.164+02:00  INFO 14238 --- [customer-service] [main] com.netflix.discovery.DiscoveryClient    : Initializing Eureka in region us-east-1
2025-10-19T21:45:51.168+02:00  INFO 14238 --- [customer-service] [main] c.n.d.s.r.aws.ConfigClusterResolver      : Resolving eureka endpoints via configuration
2025-10-19T21:45:51.190+02:00  INFO 14238 --- [customer-service] [main] com.netflix.discovery.DiscoveryClient    : Disable delta property : false
2025-10-19T21:45:51.190+02:00  INFO 14238 --- [customer-service] [main] com.netflix.discovery.DiscoveryClient    : Single vip registry refresh property : null
2025-10-19T21:45:51.190+02:00  INFO 14238 --- [customer-service] [main] com.netflix.discovery.DiscoveryClient    : Force full registry fetch : false
2025-10-19T21:45:51.190+02:00  INFO 14238 --- [customer-service] [main] com.netflix.discovery.DiscoveryClient    : Application is null : false
2025-10-19T21:45:51.190+02:00  INFO 14238 --- [customer-service] [main] com.netflix.discovery.DiscoveryClient    : Registered Applications size is zero : true
2025-10-19T21:45:51.190+02:00  INFO 14238 --- [customer-service] [main] com.netflix.discovery.DiscoveryClient    : Application version is -1: true
2025-10-19T21:45:51.190+02:00  INFO 14238 --- [customer-service] [main] com.netflix.discovery.DiscoveryClient    : Getting all instance registry info from the eureka server
2025-10-19T21:45:51.571+02:00  INFO 14238 --- [customer-service] [main] com.netflix.discovery.DiscoveryClient    : The response status is 200
2025-10-19T21:45:51.574+02:00  INFO 14238 --- [customer-service] [main] com.netflix.discovery.DiscoveryClient    : Starting heartbeat executor: renew interval is: 30
2025-10-19T21:45:51.576+02:00  INFO 14238 --- [customer-service] [main] c.n.discovery.InstanceInfoReplicator     : InstanceInfoReplicator onDemand update allowed rate per min is 4
2025-10-19T21:45:51.581+02:00  INFO 14238 --- [customer-service] [main] com.netflix.discovery.DiscoveryClient    : Discovery Client initialized at timestamp 1760903151581 with initial instances count: 3
2025-10-19T21:45:51.588+02:00  INFO 14238 --- [customer-service] [main] o.s.c.n.e.s.EurekaServiceRegistry        : Registering application CUSTOMER-SERVICE with eureka with status UP
2025-10-19T21:45:51.589+02:00  INFO 14238 --- [customer-service] [main] com.netflix.discovery.DiscoveryClient    : Saw local status change event StatusChangeEvent [timestamp=1760903151589, current=UP, previous=STARTING]
2025-10-19T21:45:51.590+02:00  INFO 14238 --- [customer-service] [DiscoveryClient-InstanceInfoReplicator-0] com.netflix.discovery.DiscoveryClient    : DiscoveryClient_CUSTOMER-SERVICE/mbp-de-macbook:customer-service:8085: registering service...
2025-10-19T21:45:51.607+02:00  INFO 14238 --- [customer-service] [main] o.s.b.w.embedded.tomcat.TomcatWebServer  : Tomcat started on port 8085 (http) with context path ''
2025-10-19T21:45:51.608+02:00  INFO 14238 --- [customer-service] [main] .s.c.n.e.s.EurekaAutoServiceRegistration : Updating port to 8085
2025-10-19T21:45:51.614+02:00  WARN 14238 --- [customer-service] [main] ConfigServletWebServerApplicationContext : Exception encountered during context initialization - cancelling refresh attempt: org.springframework.beans.factory.BeanCreationException: Error creating bean with name 'scopedTarget.configTestController': Injection of autowired dependencies failed
2025-10-19T21:45:51.618+02:00  INFO 14238 --- [customer-service] [main] j.LocalContainerEntityManagerFactoryBean : Closing JPA EntityManagerFactory for persistence unit 'default'
2025-10-19T21:45:51.622+02:00  INFO 14238 --- [customer-service] [main] com.zaxxer.hikari.HikariDataSource       : HikariPool-1 - Shutdown initiated...
2025-10-19T21:45:51.624+02:00  INFO 14238 --- [customer-service] [main] com.zaxxer.hikari.HikariDataSource       : HikariPool-1 - Shutdown completed.
2025-10-19T21:45:51.626+02:00  INFO 14238 --- [customer-service] [main] com.netflix.discovery.DiscoveryClient    : Shutting down DiscoveryClient ...
2025-10-19T21:45:51.627+02:00  INFO 14238 --- [customer-service] [DiscoveryClient-InstanceInfoReplicator-0] com.netflix.discovery.DiscoveryClient    : DiscoveryClient_CUSTOMER-SERVICE/mbp-de-macbook:customer-service:8085 - registration status: 204
2025-10-19T21:45:51.629+02:00  INFO 14238 --- [customer-service] [main] com.netflix.discovery.DiscoveryClient    : Unregistering ...
2025-10-19T21:45:51.633+02:00  INFO 14238 --- [customer-service] [main] com.netflix.discovery.DiscoveryClient    : DiscoveryClient_CUSTOMER-SERVICE/mbp-de-macbook:customer-service:8085 - deregister  status: 200
2025-10-19T21:45:51.642+02:00  INFO 14238 --- [customer-service] [main] com.netflix.discovery.DiscoveryClient    : Completed shut down of DiscoveryClient
2025-10-19T21:45:51.649+02:00  INFO 14238 --- [customer-service] [main] o.apache.catalina.core.StandardService   : Stopping service [Tomcat]
2025-10-19T21:45:51.687+02:00  INFO 14238 --- [customer-service] [main] .s.b.a.l.ConditionEvaluationReportLogger : 

Error starting ApplicationContext. To display the condition evaluation report re-run your application with 'debug' enabled.
2025-10-19T21:45:51.710+02:00 ERROR 14238 --- [customer-service] [main] o.s.boot.SpringApplication               : Application run failed

org.springframework.beans.factory.BeanCreationException: Error creating bean with name 'scopedTarget.configTestController': Injection of autowired dependencies failed
	at org.springframework.beans.factory.annotation.AutowiredAnnotationBeanPostProcessor.postProcessProperties(AutowiredAnnotationBeanPostProcessor.java:514) ~[spring-beans-6.1.4.jar:6.1.4]
	at org.springframework.beans.factory.support.AbstractAutowireCapableBeanFactory.populateBean(AbstractAutowireCapableBeanFactory.java:1419) ~[spring-beans-6.1.4.jar:6.1.4]
	at org.springframework.beans.factory.support.AbstractAutowireCapableBeanFactory.doCreateBean(AbstractAutowireCapableBeanFactory.java:599) ~[spring-beans-6.1.4.jar:6.1.4]
	at org.springframework.beans.factory.support.AbstractAutowireCapableBeanFactory.createBean(AbstractAutowireCapableBeanFactory.java:522) ~[spring-beans-6.1.4.jar:6.1.4]
	at org.springframework.beans.factory.support.AbstractBeanFactory.lambda$doGetBean$1(AbstractBeanFactory.java:364) ~[spring-beans-6.1.4.jar:6.1.4]
	at org.springframework.cloud.context.scope.GenericScope$BeanLifecycleWrapper.getBean(GenericScope.java:375) ~[spring-cloud-context-4.1.0.jar:4.1.0]
	at org.springframework.cloud.context.scope.GenericScope.get(GenericScope.java:179) ~[spring-cloud-context-4.1.0.jar:4.1.0]
	at org.springframework.beans.factory.support.AbstractBeanFactory.doGetBean(AbstractBeanFactory.java:361) ~[spring-beans-6.1.4.jar:6.1.4]
	at org.springframework.beans.factory.support.AbstractBeanFactory.getBean(AbstractBeanFactory.java:199) ~[spring-beans-6.1.4.jar:6.1.4]
	at org.springframework.context.support.AbstractApplicationContext.getBean(AbstractApplicationContext.java:1231) ~[spring-context-6.1.4.jar:6.1.4]
	at org.springframework.cloud.context.scope.refresh.RefreshScope.eagerlyInitialize(RefreshScope.java:126) ~[spring-cloud-context-4.1.0.jar:4.1.0]
	at org.springframework.cloud.context.scope.refresh.RefreshScope.start(RefreshScope.java:118) ~[spring-cloud-context-4.1.0.jar:4.1.0]
	at org.springframework.cloud.context.scope.refresh.RefreshScope.onApplicationEvent(RefreshScope.java:113) ~[spring-cloud-context-4.1.0.jar:4.1.0]
	at org.springframework.cloud.context.scope.refresh.RefreshScope.onApplicationEvent(RefreshScope.java:68) ~[spring-cloud-context-4.1.0.jar:4.1.0]
	at org.springframework.context.event.SimpleApplicationEventMulticaster.doInvokeListener(SimpleApplicationEventMulticaster.java:185) ~[spring-context-6.1.4.jar:6.1.4]
	at org.springframework.context.event.SimpleApplicationEventMulticaster.invokeListener(SimpleApplicationEventMulticaster.java:178) ~[spring-context-6.1.4.jar:6.1.4]
	at org.springframework.context.event.SimpleApplicationEventMulticaster.multicastEvent(SimpleApplicationEventMulticaster.java:156) ~[spring-context-6.1.4.jar:6.1.4]
	at org.springframework.context.support.AbstractApplicationContext.publishEvent(AbstractApplicationContext.java:451) ~[spring-context-6.1.4.jar:6.1.4]
	at org.springframework.context.support.AbstractApplicationContext.publishEvent(AbstractApplicationContext.java:384) ~[spring-context-6.1.4.jar:6.1.4]
	at org.springframework.context.support.AbstractApplicationContext.finishRefresh(AbstractApplicationContext.java:981) ~[spring-context-6.1.4.jar:6.1.4]
	at org.springframework.context.support.AbstractApplicationContext.refresh(AbstractApplicationContext.java:627) ~[spring-context-6.1.4.jar:6.1.4]
	at org.springframework.boot.web.servlet.context.ServletWebServerApplicationContext.refresh(ServletWebServerApplicationContext.java:146) ~[spring-boot-3.2.3.jar:3.2.3]
	at org.springframework.boot.SpringApplication.refresh(SpringApplication.java:754) ~[spring-boot-3.2.3.jar:3.2.3]
	at org.springframework.boot.SpringApplication.refreshContext(SpringApplication.java:456) ~[spring-boot-3.2.3.jar:3.2.3]
	at org.springframework.boot.SpringApplication.run(SpringApplication.java:334) ~[spring-boot-3.2.3.jar:3.2.3]
	at org.springframework.boot.SpringApplication.run(SpringApplication.java:1354) ~[spring-boot-3.2.3.jar:3.2.3]
	at org.springframework.boot.SpringApplication.run(SpringApplication.java:1343) ~[spring-boot-3.2.3.jar:3.2.3]
	at tn.amira.customerservice.CustomerServiceApplication.main(CustomerServiceApplication.java:19) ~[classes/:na]
Caused by: java.lang.IllegalArgumentException: Could not resolve placeholder 'global.params.p1' in value "${global.params.p1}"
	at org.springframework.util.PropertyPlaceholderHelper.parseStringValue(PropertyPlaceholderHelper.java:180) ~[spring-core-6.1.4.jar:6.1.4]
	at org.springframework.util.PropertyPlaceholderHelper.replacePlaceholders(PropertyPlaceholderHelper.java:126) ~[spring-core-6.1.4.jar:6.1.4]
	at org.springframework.core.env.AbstractPropertyResolver.doResolvePlaceholders(AbstractPropertyResolver.java:239) ~[spring-core-6.1.4.jar:6.1.4]
	at org.springframework.core.env.AbstractPropertyResolver.resolveRequiredPlaceholders(AbstractPropertyResolver.java:210) ~[spring-core-6.1.4.jar:6.1.4]
	at org.springframework.context.support.PropertySourcesPlaceholderConfigurer.lambda$processProperties$0(PropertySourcesPlaceholderConfigurer.java:200) ~[spring-context-6.1.4.jar:6.1.4]
	at org.springframework.beans.factory.support.AbstractBeanFactory.resolveEmbeddedValue(AbstractBeanFactory.java:921) ~[spring-beans-6.1.4.jar:6.1.4]
	at org.springframework.beans.factory.support.DefaultListableBeanFactory.doResolveDependency(DefaultListableBeanFactory.java:1374) ~[spring-beans-6.1.4.jar:6.1.4]
	at org.springframework.beans.factory.support.DefaultListableBeanFactory.resolveDependency(DefaultListableBeanFactory.java:1353) ~[spring-beans-6.1.4.jar:6.1.4]
	at org.springframework.beans.factory.annotation.AutowiredAnnotationBeanPostProcessor$AutowiredFieldElement.resolveFieldValue(AutowiredAnnotationBeanPostProcessor.java:784) ~[spring-beans-6.1.4.jar:6.1.4]
	at org.springframework.beans.factory.annotation.AutowiredAnnotationBeanPostProcessor$AutowiredFieldElement.inject(AutowiredAnnotationBeanPostProcessor.java:767) ~[spring-beans-6.1.4.jar:6.1.4]
	at org.springframework.beans.factory.annotation.InjectionMetadata.inject(InjectionMetadata.java:145) ~[spring-beans-6.1.4.jar:6.1.4]
	at org.springframework.beans.factory.annotation.AutowiredAnnotationBeanPostProcessor.postProcessProperties(AutowiredAnnotationBeanPostProcessor.java:508) ~[spring-beans-6.1.4.jar:6.1.4]
	... 27 common frames omitted

2025-10-19T22:03:24.891+02:00  INFO 15123 --- [customer-service] [main] t.a.c.CustomerServiceApplication         : Starting CustomerServiceApplication using Java 17.0.8 with PID 15123 (/Users/macbook/Desktop/MED-YOUSSFI/bank-account-app-microservice/customer-service/target/classes started by macbook in /Users/macbook/Desktop/MED-YOUSSFI/bank-account-app-microservice)
2025-10-19T22:03:24.894+02:00  INFO 15123 --- [customer-service] [main] t.a.c.CustomerServiceApplication         : No active profile set, falling back to 1 default profile: "default"
2025-10-19T22:03:24.949+02:00  INFO 15123 --- [customer-service] [main] o.s.c.c.c.ConfigServerConfigDataLoader   : Fetching config from server at : http://localhost:9999
2025-10-19T22:03:24.950+02:00  WARN 15123 --- [customer-service] [main] o.s.c.c.c.ConfigServerConfigDataLoader   : Could not locate PropertySource ([ConfigServerConfigDataResource@1d8062d2 uris = array<String>['http://localhost:9999'], optional = true, profiles = 'default']): None of labels [] found
2025-10-19T22:03:24.950+02:00  INFO 15123 --- [customer-service] [main] o.s.c.c.c.ConfigServerConfigDataLoader   : Fetching config from server at : http://localhost:9999
2025-10-19T22:03:24.950+02:00  WARN 15123 --- [customer-service] [main] o.s.c.c.c.ConfigServerConfigDataLoader   : Could not locate PropertySource ([ConfigServerConfigDataResource@37bd68c3 uris = array<String>['http://localhost:9999'], optional = true, profiles = 'default']): None of labels [] found
2025-10-19T22:03:24.950+02:00  INFO 15123 --- [customer-service] [main] o.s.c.c.c.ConfigServerConfigDataLoader   : Fetching config from server at : http://localhost:9999
2025-10-19T22:03:24.950+02:00  WARN 15123 --- [customer-service] [main] o.s.c.c.c.ConfigServerConfigDataLoader   : Could not locate PropertySource ([ConfigServerConfigDataResource@4721d212 uris = array<String>['http://localhost:9999'], optional = true, profiles = 'default']): None of labels [] found
2025-10-19T22:03:26.230+02:00  INFO 15123 --- [customer-service] [main] .s.d.r.c.RepositoryConfigurationDelegate : Bootstrapping Spring Data JPA repositories in DEFAULT mode.
2025-10-19T22:03:26.373+02:00  INFO 15123 --- [customer-service] [main] .s.d.r.c.RepositoryConfigurationDelegate : Finished Spring Data repository scanning in 136 ms. Found 1 JPA repository interface.
2025-10-19T22:03:26.615+02:00  INFO 15123 --- [customer-service] [main] o.s.cloud.context.scope.GenericScope     : BeanFactory id=05bd7067-fbee-367a-970e-292896c708be
2025-10-19T22:03:26.934+02:00  WARN 15123 --- [customer-service] [main] trationDelegate$BeanPostProcessorChecker : Bean 'org.springframework.cloud.client.loadbalancer.LoadBalancerAutoConfiguration$LoadBalancerInterceptorConfig' of type [org.springframework.cloud.client.loadbalancer.LoadBalancerAutoConfiguration$LoadBalancerInterceptorConfig] is not eligible for getting processed by all BeanPostProcessors (for example: not eligible for auto-proxying). The currently created BeanPostProcessor [lbRestClientPostProcessor] is declared through a non-static factory method on that class; consider declaring it as static instead.
2025-10-19T22:03:26.944+02:00  WARN 15123 --- [customer-service] [main] trationDelegate$BeanPostProcessorChecker : Bean 'org.springframework.cloud.loadbalancer.config.BlockingLoadBalancerClientAutoConfiguration' of type [org.springframework.cloud.loadbalancer.config.BlockingLoadBalancerClientAutoConfiguration] is not eligible for getting processed by all BeanPostProcessors (for example: not eligible for auto-proxying). Is this bean getting eagerly injected into a currently created BeanPostProcessor [lbRestClientPostProcessor]? Check the corresponding BeanPostProcessor declaration and its dependencies.
2025-10-19T22:03:26.948+02:00  WARN 15123 --- [customer-service] [main] trationDelegate$BeanPostProcessorChecker : Bean 'org.springframework.cloud.loadbalancer.config.LoadBalancerAutoConfiguration' of type [org.springframework.cloud.loadbalancer.config.LoadBalancerAutoConfiguration] is not eligible for getting processed by all BeanPostProcessors (for example: not eligible for auto-proxying). Is this bean getting eagerly injected into a currently created BeanPostProcessor [lbRestClientPostProcessor]? Check the corresponding BeanPostProcessor declaration and its dependencies.
2025-10-19T22:03:26.963+02:00  WARN 15123 --- [customer-service] [main] trationDelegate$BeanPostProcessorChecker : Bean 'org.springframework.cloud.commons.config.CommonsConfigAutoConfiguration' of type [org.springframework.cloud.commons.config.CommonsConfigAutoConfiguration] is not eligible for getting processed by all BeanPostProcessors (for example: not eligible for auto-proxying). Is this bean getting eagerly injected into a currently created BeanPostProcessor [lbRestClientPostProcessor]? Check the corresponding BeanPostProcessor declaration and its dependencies.
2025-10-19T22:03:26.967+02:00  WARN 15123 --- [customer-service] [main] trationDelegate$BeanPostProcessorChecker : Bean 'org.springframework.cloud.client.loadbalancer.LoadBalancerDefaultMappingsProviderAutoConfiguration' of type [org.springframework.cloud.client.loadbalancer.LoadBalancerDefaultMappingsProviderAutoConfiguration] is not eligible for getting processed by all BeanPostProcessors (for example: not eligible for auto-proxying). Is this bean getting eagerly injected into a currently created BeanPostProcessor [lbRestClientPostProcessor]? Check the corresponding BeanPostProcessor declaration and its dependencies.
2025-10-19T22:03:26.969+02:00  WARN 15123 --- [customer-service] [main] trationDelegate$BeanPostProcessorChecker : Bean 'loadBalancerClientsDefaultsMappingsProvider' of type [org.springframework.cloud.client.loadbalancer.LoadBalancerDefaultMappingsProviderAutoConfiguration$$Lambda$709/0x00000001274bbdc0] is not eligible for getting processed by all BeanPostProcessors (for example: not eligible for auto-proxying). Is this bean getting eagerly injected into a currently created BeanPostProcessor [lbRestClientPostProcessor]? Check the corresponding BeanPostProcessor declaration and its dependencies.
2025-10-19T22:03:26.972+02:00  WARN 15123 --- [customer-service] [main] trationDelegate$BeanPostProcessorChecker : Bean 'defaultsBindHandlerAdvisor' of type [org.springframework.cloud.commons.config.DefaultsBindHandlerAdvisor] is not eligible for getting processed by all BeanPostProcessors (for example: not eligible for auto-proxying). Is this bean getting eagerly injected into a currently created BeanPostProcessor [lbRestClientPostProcessor]? Check the corresponding BeanPostProcessor declaration and its dependencies.
2025-10-19T22:03:26.989+02:00  WARN 15123 --- [customer-service] [main] trationDelegate$BeanPostProcessorChecker : Bean 'spring.cloud.loadbalancer-org.springframework.cloud.client.loadbalancer.LoadBalancerClientsProperties' of type [org.springframework.cloud.client.loadbalancer.LoadBalancerClientsProperties] is not eligible for getting processed by all BeanPostProcessors (for example: not eligible for auto-proxying). Is this bean getting eagerly injected into a currently created BeanPostProcessor [lbRestClientPostProcessor]? Check the corresponding BeanPostProcessor declaration and its dependencies.
2025-10-19T22:03:27.013+02:00  WARN 15123 --- [customer-service] [main] trationDelegate$BeanPostProcessorChecker : Bean 'default.org.springframework.cloud.loadbalancer.config.LoadBalancerAutoConfiguration.LoadBalancerClientSpecification' of type [org.springframework.cloud.loadbalancer.annotation.LoadBalancerClientSpecification] is not eligible for getting processed by all BeanPostProcessors (for example: not eligible for auto-proxying). Is this bean getting eagerly injected into a currently created BeanPostProcessor [lbRestClientPostProcessor]? Check the corresponding BeanPostProcessor declaration and its dependencies.
2025-10-19T22:03:27.017+02:00  WARN 15123 --- [customer-service] [main] trationDelegate$BeanPostProcessorChecker : Bean 'default.org.springframework.cloud.loadbalancer.config.BlockingLoadBalancerClientAutoConfiguration.LoadBalancerClientSpecification' of type [org.springframework.cloud.loadbalancer.annotation.LoadBalancerClientSpecification] is not eligible for getting processed by all BeanPostProcessors (for example: not eligible for auto-proxying). Is this bean getting eagerly injected into a currently created BeanPostProcessor [lbRestClientPostProcessor]? Check the corresponding BeanPostProcessor declaration and its dependencies.
2025-10-19T22:03:27.020+02:00  WARN 15123 --- [customer-service] [main] trationDelegate$BeanPostProcessorChecker : Bean 'default.org.springframework.cloud.netflix.eureka.loadbalancer.LoadBalancerEurekaAutoConfiguration.LoadBalancerClientSpecification' of type [org.springframework.cloud.loadbalancer.annotation.LoadBalancerClientSpecification] is not eligible for getting processed by all BeanPostProcessors (for example: not eligible for auto-proxying). Is this bean getting eagerly injected into a currently created BeanPostProcessor [lbRestClientPostProcessor]? Check the corresponding BeanPostProcessor declaration and its dependencies.
2025-10-19T22:03:27.027+02:00  WARN 15123 --- [customer-service] [main] trationDelegate$BeanPostProcessorChecker : Bean 'loadBalancerClientFactory' of type [org.springframework.cloud.loadbalancer.support.LoadBalancerClientFactory] is not eligible for getting processed by all BeanPostProcessors (for example: not eligible for auto-proxying). Is this bean getting eagerly injected into a currently created BeanPostProcessor [lbRestClientPostProcessor]? Check the corresponding BeanPostProcessor declaration and its dependencies.
2025-10-19T22:03:27.041+02:00  WARN 15123 --- [customer-service] [main] trationDelegate$BeanPostProcessorChecker : Bean 'blockingLoadBalancerClient' of type [org.springframework.cloud.loadbalancer.blocking.client.BlockingLoadBalancerClient] is not eligible for getting processed by all BeanPostProcessors (for example: not eligible for auto-proxying). Is this bean getting eagerly injected into a currently created BeanPostProcessor [lbRestClientPostProcessor]? Check the corresponding BeanPostProcessor declaration and its dependencies.
2025-10-19T22:03:27.115+02:00  WARN 15123 --- [customer-service] [main] trationDelegate$BeanPostProcessorChecker : Bean 'loadBalancerServiceInstanceCookieTransformer' of type [org.springframework.cloud.loadbalancer.core.LoadBalancerServiceInstanceCookieTransformer] is not eligible for getting processed by all BeanPostProcessors (for example: not eligible for auto-proxying). Is this bean getting eagerly injected into a currently created BeanPostProcessor [lbRestClientPostProcessor]? Check the corresponding BeanPostProcessor declaration and its dependencies.
2025-10-19T22:03:27.121+02:00  WARN 15123 --- [customer-service] [main] trationDelegate$BeanPostProcessorChecker : Bean 'xForwarderHeadersTransformer' of type [org.springframework.cloud.loadbalancer.blocking.XForwardedHeadersTransformer] is not eligible for getting processed by all BeanPostProcessors (for example: not eligible for auto-proxying). Is this bean getting eagerly injected into a currently created BeanPostProcessor [lbRestClientPostProcessor]? Check the corresponding BeanPostProcessor declaration and its dependencies.
2025-10-19T22:03:27.124+02:00  WARN 15123 --- [customer-service] [main] trationDelegate$BeanPostProcessorChecker : Bean 'org.springframework.cloud.client.loadbalancer.LoadBalancerAutoConfiguration' of type [org.springframework.cloud.client.loadbalancer.LoadBalancerAutoConfiguration] is not eligible for getting processed by all BeanPostProcessors (for example: not eligible for auto-proxying). Is this bean getting eagerly injected into a currently created BeanPostProcessor [lbRestClientPostProcessor]? Check the corresponding BeanPostProcessor declaration and its dependencies.
2025-10-19T22:03:27.131+02:00  WARN 15123 --- [customer-service] [main] trationDelegate$BeanPostProcessorChecker : Bean 'loadBalancerRequestFactory' of type [org.springframework.cloud.client.loadbalancer.LoadBalancerRequestFactory] is not eligible for getting processed by all BeanPostProcessors (for example: not eligible for auto-proxying). Is this bean getting eagerly injected into a currently created BeanPostProcessor [lbRestClientPostProcessor]? Check the corresponding BeanPostProcessor declaration and its dependencies.
2025-10-19T22:03:27.132+02:00  WARN 15123 --- [customer-service] [main] trationDelegate$BeanPostProcessorChecker : Bean 'loadBalancerInterceptor' of type [org.springframework.cloud.client.loadbalancer.LoadBalancerInterceptor] is not eligible for getting processed by all BeanPostProcessors (for example: not eligible for auto-proxying). Is this bean getting eagerly injected into a currently created BeanPostProcessor [lbRestClientPostProcessor]? Check the corresponding BeanPostProcessor declaration and its dependencies.
2025-10-19T22:03:27.482+02:00  INFO 15123 --- [customer-service] [main] o.s.b.w.embedded.tomcat.TomcatWebServer  : Tomcat initialized with port 8085 (http)
2025-10-19T22:03:27.497+02:00  INFO 15123 --- [customer-service] [main] o.apache.catalina.core.StandardService   : Starting service [Tomcat]
2025-10-19T22:03:27.497+02:00  INFO 15123 --- [customer-service] [main] o.apache.catalina.core.StandardEngine    : Starting Servlet engine: [Apache Tomcat/10.1.19]
2025-10-19T22:03:27.581+02:00  INFO 15123 --- [customer-service] [main] o.a.c.c.C.[Tomcat].[localhost].[/]       : Initializing Spring embedded WebApplicationContext
2025-10-19T22:03:27.582+02:00  INFO 15123 --- [customer-service] [main] w.s.c.ServletWebServerApplicationContext : Root WebApplicationContext: initialization completed in 2629 ms
2025-10-19T22:03:27.943+02:00  INFO 15123 --- [customer-service] [main] com.zaxxer.hikari.HikariDataSource       : HikariPool-1 - Starting...
2025-10-19T22:03:28.131+02:00  INFO 15123 --- [customer-service] [main] com.zaxxer.hikari.pool.HikariPool        : HikariPool-1 - Added connection conn0: url=jdbc:h2:mem:a57258b5-37ef-4684-bfef-1304362991f7 user=SA
2025-10-19T22:03:28.132+02:00  INFO 15123 --- [customer-service] [main] com.zaxxer.hikari.HikariDataSource       : HikariPool-1 - Start completed.
2025-10-19T22:03:28.183+02:00  INFO 15123 --- [customer-service] [main] o.hibernate.jpa.internal.util.LogHelper  : HHH000204: Processing PersistenceUnitInfo [name: default]
2025-10-19T22:03:28.241+02:00  INFO 15123 --- [customer-service] [main] org.hibernate.Version                    : HHH000412: Hibernate ORM core version 6.4.4.Final
2025-10-19T22:03:28.275+02:00  INFO 15123 --- [customer-service] [main] o.h.c.internal.RegionFactoryInitiator    : HHH000026: Second-level cache disabled
2025-10-19T22:03:28.523+02:00  INFO 15123 --- [customer-service] [main] o.s.o.j.p.SpringPersistenceUnitInfo      : No LoadTimeWeaver setup: ignoring JPA class transformer
2025-10-19T22:03:29.393+02:00  INFO 15123 --- [customer-service] [main] o.h.e.t.j.p.i.JtaPlatformInitiator       : HHH000489: No JTA platform available (set 'hibernate.transaction.jta.platform' to enable JTA platform integration)
2025-10-19T22:03:29.433+02:00  INFO 15123 --- [customer-service] [main] j.LocalContainerEntityManagerFactoryBean : Initialized JPA EntityManagerFactory for persistence unit 'default'
2025-10-19T22:03:29.894+02:00  WARN 15123 --- [customer-service] [main] JpaBaseConfiguration$JpaWebConfiguration : spring.jpa.open-in-view is enabled by default. Therefore, database queries may be performed during view rendering. Explicitly configure spring.jpa.open-in-view to disable this warning
2025-10-19T22:03:30.829+02:00  INFO 15123 --- [customer-service] [main] DiscoveryClientOptionalArgsConfiguration : Eureka HTTP Client uses RestTemplate.
2025-10-19T22:03:30.866+02:00  WARN 15123 --- [customer-service] [main] iguration$LoadBalancerCaffeineWarnLogger : Spring Cloud LoadBalancer is currently working with the default cache. While this cache implementation is useful for development and tests, it's recommended to use Caffeine cache in production.You can switch to using Caffeine cache, by adding it and org.springframework.cache.caffeine.CaffeineCacheManager to the classpath.
2025-10-19T22:03:30.874+02:00  INFO 15123 --- [customer-service] [main] o.s.b.a.e.web.EndpointLinksResolver      : Exposing 1 endpoint(s) beneath base path '/actuator'
2025-10-19T22:03:30.962+02:00  INFO 15123 --- [customer-service] [main] o.s.c.n.eureka.InstanceInfoFactory       : Setting initial instance status as: STARTING
2025-10-19T22:03:31.003+02:00  INFO 15123 --- [customer-service] [main] com.netflix.discovery.DiscoveryClient    : Initializing Eureka in region us-east-1
2025-10-19T22:03:31.007+02:00  INFO 15123 --- [customer-service] [main] c.n.d.s.r.aws.ConfigClusterResolver      : Resolving eureka endpoints via configuration
2025-10-19T22:03:31.030+02:00  INFO 15123 --- [customer-service] [main] com.netflix.discovery.DiscoveryClient    : Disable delta property : false
2025-10-19T22:03:31.030+02:00  INFO 15123 --- [customer-service] [main] com.netflix.discovery.DiscoveryClient    : Single vip registry refresh property : null
2025-10-19T22:03:31.030+02:00  INFO 15123 --- [customer-service] [main] com.netflix.discovery.DiscoveryClient    : Force full registry fetch : false
2025-10-19T22:03:31.030+02:00  INFO 15123 --- [customer-service] [main] com.netflix.discovery.DiscoveryClient    : Application is null : false
2025-10-19T22:03:31.031+02:00  INFO 15123 --- [customer-service] [main] com.netflix.discovery.DiscoveryClient    : Registered Applications size is zero : true
2025-10-19T22:03:31.031+02:00  INFO 15123 --- [customer-service] [main] com.netflix.discovery.DiscoveryClient    : Application version is -1: true
2025-10-19T22:03:31.031+02:00  INFO 15123 --- [customer-service] [main] com.netflix.discovery.DiscoveryClient    : Getting all instance registry info from the eureka server
2025-10-19T22:03:31.389+02:00  INFO 15123 --- [customer-service] [main] com.netflix.discovery.DiscoveryClient    : The response status is 200
2025-10-19T22:03:31.392+02:00  INFO 15123 --- [customer-service] [main] com.netflix.discovery.DiscoveryClient    : Starting heartbeat executor: renew interval is: 30
2025-10-19T22:03:31.394+02:00  INFO 15123 --- [customer-service] [main] c.n.discovery.InstanceInfoReplicator     : InstanceInfoReplicator onDemand update allowed rate per min is 4
2025-10-19T22:03:31.400+02:00  INFO 15123 --- [customer-service] [main] com.netflix.discovery.DiscoveryClient    : Discovery Client initialized at timestamp 1760904211399 with initial instances count: 3
2025-10-19T22:03:31.409+02:00  INFO 15123 --- [customer-service] [main] o.s.c.n.e.s.EurekaServiceRegistry        : Registering application CUSTOMER-SERVICE with eureka with status UP
2025-10-19T22:03:31.409+02:00  INFO 15123 --- [customer-service] [main] com.netflix.discovery.DiscoveryClient    : Saw local status change event StatusChangeEvent [timestamp=1760904211409, current=UP, previous=STARTING]
2025-10-19T22:03:31.411+02:00  INFO 15123 --- [customer-service] [DiscoveryClient-InstanceInfoReplicator-0] com.netflix.discovery.DiscoveryClient    : DiscoveryClient_CUSTOMER-SERVICE/mbp-de-macbook:customer-service:8085: registering service...
2025-10-19T22:03:31.428+02:00  INFO 15123 --- [customer-service] [main] o.s.b.w.embedded.tomcat.TomcatWebServer  : Tomcat started on port 8085 (http) with context path ''
2025-10-19T22:03:31.429+02:00  INFO 15123 --- [customer-service] [main] .s.c.n.e.s.EurekaAutoServiceRegistration : Updating port to 8085
2025-10-19T22:03:31.434+02:00  WARN 15123 --- [customer-service] [main] ConfigServletWebServerApplicationContext : Exception encountered during context initialization - cancelling refresh attempt: org.springframework.beans.factory.BeanCreationException: Error creating bean with name 'scopedTarget.configTestController': Injection of autowired dependencies failed
2025-10-19T22:03:31.440+02:00  INFO 15123 --- [customer-service] [main] j.LocalContainerEntityManagerFactoryBean : Closing JPA EntityManagerFactory for persistence unit 'default'
2025-10-19T22:03:31.445+02:00  INFO 15123 --- [customer-service] [main] com.zaxxer.hikari.HikariDataSource       : HikariPool-1 - Shutdown initiated...
2025-10-19T22:03:31.448+02:00  INFO 15123 --- [customer-service] [main] com.zaxxer.hikari.HikariDataSource       : HikariPool-1 - Shutdown completed.
2025-10-19T22:03:31.449+02:00  INFO 15123 --- [customer-service] [main] com.netflix.discovery.DiscoveryClient    : Shutting down DiscoveryClient ...
2025-10-19T22:03:31.453+02:00  INFO 15123 --- [customer-service] [DiscoveryClient-InstanceInfoReplicator-0] com.netflix.discovery.DiscoveryClient    : DiscoveryClient_CUSTOMER-SERVICE/mbp-de-macbook:customer-service:8085 - registration status: 204
2025-10-19T22:03:31.455+02:00  INFO 15123 --- [customer-service] [main] com.netflix.discovery.DiscoveryClient    : Unregistering ...
2025-10-19T22:03:31.459+02:00  INFO 15123 --- [customer-service] [main] com.netflix.discovery.DiscoveryClient    : DiscoveryClient_CUSTOMER-SERVICE/mbp-de-macbook:customer-service:8085 - deregister  status: 200
2025-10-19T22:03:31.466+02:00  INFO 15123 --- [customer-service] [main] com.netflix.discovery.DiscoveryClient    : Completed shut down of DiscoveryClient
2025-10-19T22:03:31.474+02:00  INFO 15123 --- [customer-service] [main] o.apache.catalina.core.StandardService   : Stopping service [Tomcat]
2025-10-19T22:03:31.517+02:00  INFO 15123 --- [customer-service] [main] .s.b.a.l.ConditionEvaluationReportLogger : 

Error starting ApplicationContext. To display the condition evaluation report re-run your application with 'debug' enabled.
2025-10-19T22:03:31.537+02:00 ERROR 15123 --- [customer-service] [main] o.s.boot.SpringApplication               : Application run failed

org.springframework.beans.factory.BeanCreationException: Error creating bean with name 'scopedTarget.configTestController': Injection of autowired dependencies failed
	at org.springframework.beans.factory.annotation.AutowiredAnnotationBeanPostProcessor.postProcessProperties(AutowiredAnnotationBeanPostProcessor.java:514) ~[spring-beans-6.1.4.jar:6.1.4]
	at org.springframework.beans.factory.support.AbstractAutowireCapableBeanFactory.populateBean(AbstractAutowireCapableBeanFactory.java:1419) ~[spring-beans-6.1.4.jar:6.1.4]
	at org.springframework.beans.factory.support.AbstractAutowireCapableBeanFactory.doCreateBean(AbstractAutowireCapableBeanFactory.java:599) ~[spring-beans-6.1.4.jar:6.1.4]
	at org.springframework.beans.factory.support.AbstractAutowireCapableBeanFactory.createBean(AbstractAutowireCapableBeanFactory.java:522) ~[spring-beans-6.1.4.jar:6.1.4]
	at org.springframework.beans.factory.support.AbstractBeanFactory.lambda$doGetBean$1(AbstractBeanFactory.java:364) ~[spring-beans-6.1.4.jar:6.1.4]
	at org.springframework.cloud.context.scope.GenericScope$BeanLifecycleWrapper.getBean(GenericScope.java:375) ~[spring-cloud-context-4.1.0.jar:4.1.0]
	at org.springframework.cloud.context.scope.GenericScope.get(GenericScope.java:179) ~[spring-cloud-context-4.1.0.jar:4.1.0]
	at org.springframework.beans.factory.support.AbstractBeanFactory.doGetBean(AbstractBeanFactory.java:361) ~[spring-beans-6.1.4.jar:6.1.4]
	at org.springframework.beans.factory.support.AbstractBeanFactory.getBean(AbstractBeanFactory.java:199) ~[spring-beans-6.1.4.jar:6.1.4]
	at org.springframework.context.support.AbstractApplicationContext.getBean(AbstractApplicationContext.java:1231) ~[spring-context-6.1.4.jar:6.1.4]
	at org.springframework.cloud.context.scope.refresh.RefreshScope.eagerlyInitialize(RefreshScope.java:126) ~[spring-cloud-context-4.1.0.jar:4.1.0]
	at org.springframework.cloud.context.scope.refresh.RefreshScope.start(RefreshScope.java:118) ~[spring-cloud-context-4.1.0.jar:4.1.0]
	at org.springframework.cloud.context.scope.refresh.RefreshScope.onApplicationEvent(RefreshScope.java:113) ~[spring-cloud-context-4.1.0.jar:4.1.0]
	at org.springframework.cloud.context.scope.refresh.RefreshScope.onApplicationEvent(RefreshScope.java:68) ~[spring-cloud-context-4.1.0.jar:4.1.0]
	at org.springframework.context.event.SimpleApplicationEventMulticaster.doInvokeListener(SimpleApplicationEventMulticaster.java:185) ~[spring-context-6.1.4.jar:6.1.4]
	at org.springframework.context.event.SimpleApplicationEventMulticaster.invokeListener(SimpleApplicationEventMulticaster.java:178) ~[spring-context-6.1.4.jar:6.1.4]
	at org.springframework.context.event.SimpleApplicationEventMulticaster.multicastEvent(SimpleApplicationEventMulticaster.java:156) ~[spring-context-6.1.4.jar:6.1.4]
	at org.springframework.context.support.AbstractApplicationContext.publishEvent(AbstractApplicationContext.java:451) ~[spring-context-6.1.4.jar:6.1.4]
	at org.springframework.context.support.AbstractApplicationContext.publishEvent(AbstractApplicationContext.java:384) ~[spring-context-6.1.4.jar:6.1.4]
	at org.springframework.context.support.AbstractApplicationContext.finishRefresh(AbstractApplicationContext.java:981) ~[spring-context-6.1.4.jar:6.1.4]
	at org.springframework.context.support.AbstractApplicationContext.refresh(AbstractApplicationContext.java:627) ~[spring-context-6.1.4.jar:6.1.4]
	at org.springframework.boot.web.servlet.context.ServletWebServerApplicationContext.refresh(ServletWebServerApplicationContext.java:146) ~[spring-boot-3.2.3.jar:3.2.3]
	at org.springframework.boot.SpringApplication.refresh(SpringApplication.java:754) ~[spring-boot-3.2.3.jar:3.2.3]
	at org.springframework.boot.SpringApplication.refreshContext(SpringApplication.java:456) ~[spring-boot-3.2.3.jar:3.2.3]
	at org.springframework.boot.SpringApplication.run(SpringApplication.java:334) ~[spring-boot-3.2.3.jar:3.2.3]
	at org.springframework.boot.SpringApplication.run(SpringApplication.java:1354) ~[spring-boot-3.2.3.jar:3.2.3]
	at org.springframework.boot.SpringApplication.run(SpringApplication.java:1343) ~[spring-boot-3.2.3.jar:3.2.3]
	at tn.amira.customerservice.CustomerServiceApplication.main(CustomerServiceApplication.java:19) ~[classes/:na]
Caused by: java.lang.IllegalArgumentException: Could not resolve placeholder 'global.params.p1' in value "${global.params.p1}"
	at org.springframework.util.PropertyPlaceholderHelper.parseStringValue(PropertyPlaceholderHelper.java:180) ~[spring-core-6.1.4.jar:6.1.4]
	at org.springframework.util.PropertyPlaceholderHelper.replacePlaceholders(PropertyPlaceholderHelper.java:126) ~[spring-core-6.1.4.jar:6.1.4]
	at org.springframework.core.env.AbstractPropertyResolver.doResolvePlaceholders(AbstractPropertyResolver.java:239) ~[spring-core-6.1.4.jar:6.1.4]
	at org.springframework.core.env.AbstractPropertyResolver.resolveRequiredPlaceholders(AbstractPropertyResolver.java:210) ~[spring-core-6.1.4.jar:6.1.4]
	at org.springframework.context.support.PropertySourcesPlaceholderConfigurer.lambda$processProperties$0(PropertySourcesPlaceholderConfigurer.java:200) ~[spring-context-6.1.4.jar:6.1.4]
	at org.springframework.beans.factory.support.AbstractBeanFactory.resolveEmbeddedValue(AbstractBeanFactory.java:921) ~[spring-beans-6.1.4.jar:6.1.4]
	at org.springframework.beans.factory.support.DefaultListableBeanFactory.doResolveDependency(DefaultListableBeanFactory.java:1374) ~[spring-beans-6.1.4.jar:6.1.4]
	at org.springframework.beans.factory.support.DefaultListableBeanFactory.resolveDependency(DefaultListableBeanFactory.java:1353) ~[spring-beans-6.1.4.jar:6.1.4]
	at org.springframework.beans.factory.annotation.AutowiredAnnotationBeanPostProcessor$AutowiredFieldElement.resolveFieldValue(AutowiredAnnotationBeanPostProcessor.java:784) ~[spring-beans-6.1.4.jar:6.1.4]
	at org.springframework.beans.factory.annotation.AutowiredAnnotationBeanPostProcessor$AutowiredFieldElement.inject(AutowiredAnnotationBeanPostProcessor.java:767) ~[spring-beans-6.1.4.jar:6.1.4]
	at org.springframework.beans.factory.annotation.InjectionMetadata.inject(InjectionMetadata.java:145) ~[spring-beans-6.1.4.jar:6.1.4]
	at org.springframework.beans.factory.annotation.AutowiredAnnotationBeanPostProcessor.postProcessProperties(AutowiredAnnotationBeanPostProcessor.java:508) ~[spring-beans-6.1.4.jar:6.1.4]
	... 27 common frames omitted

